DO $$
DECLARE uid uuid;
BEGIN
  SELECT id INTO uid FROM users WHERE username = 'sharkbyte128';
  IF uid IS NULL THEN RAISE EXCEPTION 'User sharkbyte128 not found'; END IF;

  INSERT INTO tracks (id, user_id, name, location, surface_type, tile_type, dimensions, layout_description, notes, created_at, updated_at)
  VALUES ('track-the-cave', uid, 'The Cave', 'Basement garage', 'rcp', 'RCP 30 cm tiles, smooth side up', '12 ft x 24 ft',
    'Two 12 ft straights, one 24 ft straight. Road course style layout.',
    'Perfect for F1 chassis testing.', NOW(), NOW()) ON CONFLICT (id) DO NOTHING;

  INSERT INTO setup_snapshots (id, user_id, car_id, name, entries, wheel_tire_setups, notes, created_at, updated_at)
  VALUES ('setup-mrx-me-baseline', uid, 'car-mrx-me', 'MRX ME - Manual Baseline',
    '[{"value":"plastic","capabilityId":"chassis"},{"value":2.1,"capabilityId":"front-ride-height"},{"value":"super-soft-red","capabilityId":"front-daa-spring"},{"value":"atomic-25000","capabilityId":"front-damper-grease"},{"value":4,"capabilityId":"front-toe"},{"value":3.2,"capabilityId":"rear-ride-height"},{"value":"horizontal","capabilityId":"rear-spring-style"},{"value":"medium-yellow","capabilityId":"rear-top-spring"},{"value":"gear-diff","capabilityId":"diff-type"},{"value":"PN Anima V4 2500kv","capabilityId":"motor"}]'::jsonb, '[{"position":"front","side":"left","wheelId":"wheel-sh-jud-85-p1","tireId":"tire-marka-v5-front-25"},{"position":"front","side":"right","wheelId":"wheel-sh-jud-85-p1","tireId":"tire-marka-v5-front-25"},{"position":"rear","side":"left","wheelId":"wheel-sh-jud-11-p3","tireId":"tire-marka-mzr-v1rr15"},{"position":"rear","side":"right","wheelId":"wheel-sh-jud-11-p3","tireId":"tire-marka-mzr-v1rr15"}]'::jsonb,
    'Built per MRX Master Edition manual.', NOW(), NOW()) ON CONFLICT (id) DO NOTHING;

  INSERT INTO setup_snapshots (id, user_id, car_id, name, entries, wheel_tire_setups, notes, created_at, updated_at)
  VALUES ('6734b5a9-1dd9-4937-b201-3c25afb678bf', uid, 'car-mrx-me', 'MRX ME — 2025-12-28', '[{"value":2.1,"capabilityId":"front-ride-height"},{"value":"Atomic 25000","capabilityId":"front-damper-grease"},{"value":"Yellow (Med)","capabilityId":"daa-spring"},{"value":"4 degrees out","capabilityId":"front-toe"},{"value":"Bottom Kingpin Shim: 2","capabilityId":"caster"},{"value":"2","capabilityId":"camber"},{"value":"1","capabilityId":"damper-shim"},{"value":"v2","capabilityId":"axles"},{"value":3.2,"capabilityId":"rear-ride-height"},{"value":"Horizontal","capabilityId":"rear-spring-style"},{"value":": Atomic 45000","capabilityId":"center-damper-grease"},{"value":"Atomic 25000","capabilityId":"side-spring-damper-grease"},{"value":"n/a","capabilityId":"vertical-side-spring"},{"value":"Medium (Yellow) + 0 Turn","capabilityId":"rear-top-spring"},{"value":"12T","capabilityId":"pinion-gear"},{"value":"Kyosho 53T","capabilityId":"spur-gear"},{"value":"Kyosho Ball Diff","capabilityId":"diff-type"},{"value":"PN 2500kv Anima v4","capabilityId":"motor"}]'::jsonb, '[]'::jsonb, 'Baseline setup for test session 2025-12-28', '2025-12-28T12:00:00.000Z'::timestamptz, '2025-12-28T12:00:00.000Z'::timestamptz) ON CONFLICT (id) DO NOTHING;
  INSERT INTO run_sessions (id, user_id, car_id, track_id, notes, started_at, ended_at)
  VALUES ('1665ef9d-3fde-48cc-accc-7099503369ea', uid, 'car-mrx-me', 'track-the-cave', 'Test 2025-12-28 - 23 segments, 682 laps', '2025-12-28T12:00:00.000Z'::timestamptz, '2025-12-28T12:00:00.000Z'::timestamptz) ON CONFLICT (id) DO NOTHING;
  INSERT INTO run_segments (id, session_id, setup_snapshot_id, segment_number, feedback, lap_times, setup_changes, started_at, ended_at)
  VALUES ('a98ca286-d48e-4f17-a374-688309371ee0', '1665ef9d-3fde-48cc-accc-7099503369ea', '6734b5a9-1dd9-4937-b201-3c25afb678bf', 1, '{"handling":["Steering wide and unpredictable"],"consistency":0,"notes":"New Battery / New Tires | 11 / 22 | fast: 6.2s avg: 6.5(13)"}'::jsonb, '[{"isOutlier":false,"lapNumber":1,"timeMs":7489},{"isOutlier":false,"lapNumber":2,"timeMs":8674},{"isOutlier":false,"lapNumber":3,"timeMs":9044},{"isOutlier":false,"lapNumber":4,"timeMs":7128},{"isOutlier":false,"lapNumber":5,"timeMs":6562},{"isOutlier":false,"lapNumber":6,"timeMs":9063},{"isOutlier":false,"lapNumber":7,"timeMs":9655},{"isOutlier":false,"lapNumber":8,"timeMs":15555},{"isOutlier":false,"lapNumber":9,"timeMs":8561},{"isOutlier":false,"lapNumber":10,"timeMs":7049},{"isOutlier":false,"lapNumber":11,"timeMs":10146},{"isOutlier":false,"lapNumber":12,"timeMs":7193},{"isOutlier":false,"lapNumber":13,"timeMs":7462},{"isOutlier":false,"lapNumber":14,"timeMs":6691},{"isOutlier":false,"lapNumber":15,"timeMs":6582},{"isOutlier":false,"lapNumber":16,"timeMs":6674},{"isOutlier":false,"lapNumber":17,"timeMs":6440},{"isOutlier":false,"lapNumber":18,"timeMs":6358},{"isOutlier":false,"lapNumber":19,"timeMs":6638},{"isOutlier":false,"lapNumber":20,"timeMs":6202},{"isOutlier":false,"lapNumber":21,"timeMs":6952},{"isOutlier":false,"lapNumber":22,"timeMs":6746}]'::jsonb, '[{"capabilityId":"setup-change","value":"New Battery / New Tires"}]'::jsonb, '2025-12-28T12:00:00.000Z'::timestamptz, '2025-12-28T12:00:00.000Z'::timestamptz) ON CONFLICT (id) DO NOTHING;
  INSERT INTO run_segments (id, session_id, setup_snapshot_id, segment_number, feedback, lap_times, setup_changes, started_at, ended_at)
  VALUES ('c4775fc6-a987-4dd4-88ce-1d0cbb99c620', '1665ef9d-3fde-48cc-accc-7099503369ea', '6734b5a9-1dd9-4937-b201-3c25afb678bf', 2, '{"handling":["Steering wide and unpredictable"],"consistency":0,"notes":"Front DAA Springs: White (Soft) | 7 / 30 | fast: 6.2s avg: 6.7 (11)"}'::jsonb, '[{"isOutlier":true,"lapNumber":23,"timeMs":1661523},{"isOutlier":true,"lapNumber":24,"timeMs":75914},{"isOutlier":false,"lapNumber":25,"timeMs":8800},{"isOutlier":false,"lapNumber":26,"timeMs":6864},{"isOutlier":false,"lapNumber":27,"timeMs":10316},{"isOutlier":false,"lapNumber":28,"timeMs":8968},{"isOutlier":false,"lapNumber":29,"timeMs":7027},{"isOutlier":false,"lapNumber":30,"timeMs":6992},{"isOutlier":false,"lapNumber":31,"timeMs":6861},{"isOutlier":false,"lapNumber":32,"timeMs":6582},{"isOutlier":false,"lapNumber":33,"timeMs":23352},{"isOutlier":false,"lapNumber":34,"timeMs":9519},{"isOutlier":false,"lapNumber":35,"timeMs":6374},{"isOutlier":false,"lapNumber":36,"timeMs":6270},{"isOutlier":false,"lapNumber":37,"timeMs":9286},{"isOutlier":false,"lapNumber":38,"timeMs":8929},{"isOutlier":false,"lapNumber":39,"timeMs":6427},{"isOutlier":false,"lapNumber":40,"timeMs":7091},{"isOutlier":false,"lapNumber":41,"timeMs":6640},{"isOutlier":false,"lapNumber":42,"timeMs":6522},{"isOutlier":false,"lapNumber":43,"timeMs":7396},{"isOutlier":false,"lapNumber":44,"timeMs":6606},{"isOutlier":false,"lapNumber":45,"timeMs":20112},{"isOutlier":false,"lapNumber":46,"timeMs":12372},{"isOutlier":false,"lapNumber":47,"timeMs":7040},{"isOutlier":false,"lapNumber":48,"timeMs":8631},{"isOutlier":false,"lapNumber":49,"timeMs":6667},{"isOutlier":false,"lapNumber":50,"timeMs":7525},{"isOutlier":false,"lapNumber":51,"timeMs":10844},{"isOutlier":false,"lapNumber":52,"timeMs":9171},{"isOutlier":false,"lapNumber":53,"timeMs":7158},{"isOutlier":false,"lapNumber":54,"timeMs":6964},{"isOutlier":false,"lapNumber":55,"timeMs":6637},{"isOutlier":false,"lapNumber":56,"timeMs":6810},{"isOutlier":true,"lapNumber":57,"timeMs":299728},{"isOutlier":false,"lapNumber":58,"timeMs":7123},{"isOutlier":false,"lapNumber":59,"timeMs":7010},{"isOutlier":false,"lapNumber":60,"timeMs":10550},{"isOutlier":false,"lapNumber":61,"timeMs":11409},{"isOutlier":false,"lapNumber":62,"timeMs":6754}]'::jsonb, '[{"capabilityId":"setup-change","value":"Front DAA Springs: White (Soft)"}]'::jsonb, '2025-12-28T12:00:00.000Z'::timestamptz, '2025-12-28T12:00:00.000Z'::timestamptz) ON CONFLICT (id) DO NOTHING;
  INSERT INTO run_segments (id, session_id, setup_snapshot_id, segment_number, feedback, lap_times, setup_changes, started_at, ended_at)
  VALUES ('b1e22097-bc37-48d2-8c62-5e56f6d22335', '1665ef9d-3fde-48cc-accc-7099503369ea', '6734b5a9-1dd9-4937-b201-3c25afb678bf', 3, '{"handling":["Steering wide and unpredictable"],"consistency":0,"notes":"Front DAA Springs: Red (Super Soft) | 8 /12 (66%) | fast: 6.2s avg: 6.8 (9)"}'::jsonb, '[{"isOutlier":false,"lapNumber":63,"timeMs":6948},{"isOutlier":false,"lapNumber":64,"timeMs":6493},{"isOutlier":false,"lapNumber":65,"timeMs":6862},{"isOutlier":false,"lapNumber":66,"timeMs":6490},{"isOutlier":false,"lapNumber":67,"timeMs":6853},{"isOutlier":false,"lapNumber":68,"timeMs":9496},{"isOutlier":false,"lapNumber":69,"timeMs":6800},{"isOutlier":false,"lapNumber":70,"timeMs":6740},{"isOutlier":false,"lapNumber":71,"timeMs":6254},{"isOutlier":false,"lapNumber":72,"timeMs":7653},{"isOutlier":false,"lapNumber":73,"timeMs":8312},{"isOutlier":false,"lapNumber":74,"timeMs":6541}]'::jsonb, '[{"capabilityId":"setup-change","value":"Front DAA Springs: Red (Super Soft)"}]'::jsonb, '2025-12-28T12:00:00.000Z'::timestamptz, '2025-12-28T12:00:00.000Z'::timestamptz) ON CONFLICT (id) DO NOTHING;
  INSERT INTO run_segments (id, session_id, setup_snapshot_id, segment_number, feedback, lap_times, setup_changes, started_at, ended_at)
  VALUES ('95303117-2233-4f6e-96d4-b63a1a545468', '1665ef9d-3fde-48cc-accc-7099503369ea', '6734b5a9-1dd9-4937-b201-3c25afb678bf', 4, '{"handling":["Steering better, but bites hard – car flips"],"consistency":0,"notes":"Front Tires: Gekko FS-GK-001 (soft) (Black) | 1 / 4 (25%) | fast: 0s avg: n/a"}'::jsonb, '[{"isOutlier":true,"lapNumber":75,"timeMs":535048},{"isOutlier":false,"lapNumber":76,"timeMs":9515},{"isOutlier":false,"lapNumber":77,"timeMs":9110},{"isOutlier":false,"lapNumber":78,"timeMs":11062}]'::jsonb, '[{"capabilityId":"setup-change","value":"Front Tires: Gekko FS-GK-001 (soft) (Black)"}]'::jsonb, '2025-12-28T12:00:00.000Z'::timestamptz, '2025-12-28T12:00:00.000Z'::timestamptz) ON CONFLICT (id) DO NOTHING;
  INSERT INTO run_segments (id, session_id, setup_snapshot_id, segment_number, feedback, lap_times, setup_changes, started_at, ended_at)
  VALUES ('ff24a2ce-edbf-4ee2-aa8b-bc759922e568', '1665ef9d-3fde-48cc-accc-7099503369ea', '6734b5a9-1dd9-4937-b201-3c25afb678bf', 5, '{"handling":["Bites hard – car flips"],"consistency":0,"notes":"Front Ride Height: 1.8 | 4 / 16 (25%) | fast: 6.5s avg: 6.6 (5)"}'::jsonb, '[{"isOutlier":false,"lapNumber":79,"timeMs":8597},{"isOutlier":false,"lapNumber":80,"timeMs":6606},{"isOutlier":false,"lapNumber":81,"timeMs":6883},{"isOutlier":true,"lapNumber":82,"timeMs":409497},{"isOutlier":false,"lapNumber":83,"timeMs":7786},{"isOutlier":false,"lapNumber":84,"timeMs":7105},{"isOutlier":false,"lapNumber":85,"timeMs":14756},{"isOutlier":false,"lapNumber":86,"timeMs":11546},{"isOutlier":false,"lapNumber":87,"timeMs":6739},{"isOutlier":false,"lapNumber":88,"timeMs":7372},{"isOutlier":false,"lapNumber":89,"timeMs":6629},{"isOutlier":false,"lapNumber":90,"timeMs":12227},{"isOutlier":false,"lapNumber":91,"timeMs":10357},{"isOutlier":false,"lapNumber":92,"timeMs":7022},{"isOutlier":false,"lapNumber":93,"timeMs":6544},{"isOutlier":false,"lapNumber":94,"timeMs":8765}]'::jsonb, '[{"capabilityId":"setup-change","value":"Front Ride Height: 1.8"}]'::jsonb, '2025-12-28T12:00:00.000Z'::timestamptz, '2025-12-28T12:00:00.000Z'::timestamptz) ON CONFLICT (id) DO NOTHING;
  INSERT INTO run_segments (id, session_id, setup_snapshot_id, segment_number, feedback, lap_times, setup_changes, started_at, ended_at)
  VALUES ('fa9c4b13-bdae-4e1e-a010-a3941d0ea717', '1665ef9d-3fde-48cc-accc-7099503369ea', '6734b5a9-1dd9-4937-b201-3c25afb678bf', 6, '{"handling":["Bites hard – car flips in turns"],"consistency":0,"notes":"Gekko FM-GK-002 (Med) (Red) | 2 / 14 (14%) | fast: 6.6s avg: 6.8 (2)"}'::jsonb, '[{"isOutlier":false,"lapNumber":95,"timeMs":16142},{"isOutlier":true,"lapNumber":96,"timeMs":6401545},{"isOutlier":false,"lapNumber":97,"timeMs":9968},{"isOutlier":false,"lapNumber":98,"timeMs":6646},{"isOutlier":false,"lapNumber":99,"timeMs":14276},{"isOutlier":false,"lapNumber":100,"timeMs":10180},{"isOutlier":false,"lapNumber":101,"timeMs":8187},{"isOutlier":false,"lapNumber":102,"timeMs":7405},{"isOutlier":false,"lapNumber":103,"timeMs":18982},{"isOutlier":false,"lapNumber":104,"timeMs":13899},{"isOutlier":false,"lapNumber":105,"timeMs":9841},{"isOutlier":false,"lapNumber":106,"timeMs":6997},{"isOutlier":false,"lapNumber":107,"timeMs":8551},{"isOutlier":false,"lapNumber":108,"timeMs":8594}]'::jsonb, '[{"capabilityId":"setup-change","value":"Gekko FM-GK-002 (Med) (Red)"}]'::jsonb, '2025-12-28T12:00:00.000Z'::timestamptz, '2025-12-28T12:00:00.000Z'::timestamptz) ON CONFLICT (id) DO NOTHING;
  INSERT INTO run_segments (id, session_id, setup_snapshot_id, segment_number, feedback, lap_times, setup_changes, started_at, ended_at)
  VALUES ('a28021df-5e1f-42e3-b275-93ea75580373', '1665ef9d-3fde-48cc-accc-7099503369ea', '6734b5a9-1dd9-4937-b201-3c25afb678bf', 7, '{"handling":["Could be driver – Steering"],"consistency":0,"notes":"Marka V5 Front 25° / 11 mm (Medium) (White) Marka MZR V1RR15 (Medium/soft) (White) Front Ride Height not measured | 17 / 38 (44%) | fast: 5.8s avg: 6.4 (23)"}'::jsonb, '[{"isOutlier":true,"lapNumber":109,"timeMs":1832928},{"isOutlier":false,"lapNumber":110,"timeMs":6877},{"isOutlier":false,"lapNumber":111,"timeMs":7043},{"isOutlier":false,"lapNumber":112,"timeMs":12223},{"isOutlier":false,"lapNumber":113,"timeMs":8186},{"isOutlier":false,"lapNumber":114,"timeMs":6629},{"isOutlier":false,"lapNumber":115,"timeMs":6768},{"isOutlier":false,"lapNumber":116,"timeMs":6682},{"isOutlier":false,"lapNumber":117,"timeMs":7867},{"isOutlier":false,"lapNumber":118,"timeMs":6160},{"isOutlier":false,"lapNumber":119,"timeMs":11298},{"isOutlier":false,"lapNumber":120,"timeMs":6735},{"isOutlier":false,"lapNumber":121,"timeMs":6500},{"isOutlier":false,"lapNumber":122,"timeMs":6089},{"isOutlier":false,"lapNumber":123,"timeMs":6149},{"isOutlier":false,"lapNumber":124,"timeMs":6436},{"isOutlier":false,"lapNumber":125,"timeMs":6870},{"isOutlier":false,"lapNumber":126,"timeMs":6946},{"isOutlier":false,"lapNumber":127,"timeMs":6717},{"isOutlier":false,"lapNumber":128,"timeMs":7470},{"isOutlier":false,"lapNumber":129,"timeMs":11428},{"isOutlier":false,"lapNumber":130,"timeMs":6109},{"isOutlier":false,"lapNumber":131,"timeMs":5852},{"isOutlier":false,"lapNumber":132,"timeMs":7461},{"isOutlier":false,"lapNumber":133,"timeMs":8633},{"isOutlier":false,"lapNumber":134,"timeMs":7748},{"isOutlier":false,"lapNumber":135,"timeMs":7503},{"isOutlier":false,"lapNumber":136,"timeMs":6458},{"isOutlier":false,"lapNumber":137,"timeMs":6067},{"isOutlier":false,"lapNumber":138,"timeMs":8563},{"isOutlier":false,"lapNumber":139,"timeMs":6195},{"isOutlier":false,"lapNumber":140,"timeMs":6269},{"isOutlier":false,"lapNumber":141,"timeMs":8415},{"isOutlier":false,"lapNumber":142,"timeMs":8490},{"isOutlier":false,"lapNumber":143,"timeMs":5951},{"isOutlier":false,"lapNumber":144,"timeMs":6056},{"isOutlier":false,"lapNumber":145,"timeMs":5951},{"isOutlier":false,"lapNumber":146,"timeMs":6623}]'::jsonb, '[{"capabilityId":"setup-change","value":"Marka V5 Front 25° / 11 mm (Medium) (White) Marka MZR V1RR15 (Medium/soft) (White) Front Ride Height not measured"}]'::jsonb, '2025-12-28T12:00:00.000Z'::timestamptz, '2025-12-28T12:00:00.000Z'::timestamptz) ON CONFLICT (id) DO NOTHING;
  INSERT INTO run_segments (id, session_id, setup_snapshot_id, segment_number, feedback, lap_times, setup_changes, started_at, ended_at)
  VALUES ('f5b1edb3-4a48-4c56-a925-9d68217f7a87', '1665ef9d-3fde-48cc-accc-7099503369ea', '6734b5a9-1dd9-4937-b201-3c25afb678bf', 8, '{"handling":["Drives great – Looking for what if"],"consistency":0,"notes":"Front Ride Height: 1.8 | 18 / 28 (64%) | fast: 5.8s avg: 6.2 (24)"}'::jsonb, '[{"isOutlier":true,"lapNumber":147,"timeMs":741901},{"isOutlier":false,"lapNumber":148,"timeMs":6299},{"isOutlier":false,"lapNumber":149,"timeMs":7563},{"isOutlier":false,"lapNumber":150,"timeMs":6362},{"isOutlier":false,"lapNumber":151,"timeMs":6022},{"isOutlier":false,"lapNumber":152,"timeMs":5924},{"isOutlier":false,"lapNumber":153,"timeMs":6318},{"isOutlier":false,"lapNumber":154,"timeMs":6074},{"isOutlier":false,"lapNumber":155,"timeMs":6339},{"isOutlier":false,"lapNumber":156,"timeMs":5906},{"isOutlier":false,"lapNumber":157,"timeMs":6905},{"isOutlier":false,"lapNumber":158,"timeMs":6358},{"isOutlier":false,"lapNumber":159,"timeMs":6116},{"isOutlier":false,"lapNumber":160,"timeMs":5988},{"isOutlier":false,"lapNumber":161,"timeMs":5805},{"isOutlier":false,"lapNumber":162,"timeMs":6064},{"isOutlier":false,"lapNumber":163,"timeMs":6980},{"isOutlier":false,"lapNumber":164,"timeMs":6139},{"isOutlier":false,"lapNumber":165,"timeMs":8267},{"isOutlier":false,"lapNumber":166,"timeMs":8479},{"isOutlier":false,"lapNumber":167,"timeMs":6044},{"isOutlier":false,"lapNumber":168,"timeMs":6601},{"isOutlier":false,"lapNumber":169,"timeMs":5901},{"isOutlier":false,"lapNumber":170,"timeMs":6412},{"isOutlier":false,"lapNumber":171,"timeMs":6052},{"isOutlier":false,"lapNumber":172,"timeMs":6336},{"isOutlier":false,"lapNumber":173,"timeMs":6082},{"isOutlier":false,"lapNumber":174,"timeMs":6325}]'::jsonb, '[{"capabilityId":"setup-change","value":"Front Ride Height: 1.8"}]'::jsonb, '2025-12-28T12:00:00.000Z'::timestamptz, '2025-12-28T12:00:00.000Z'::timestamptz) ON CONFLICT (id) DO NOTHING;
  INSERT INTO run_segments (id, session_id, setup_snapshot_id, segment_number, feedback, lap_times, setup_changes, started_at, ended_at)
  VALUES ('c993c85b-b2f3-457b-802f-dc0dab285c4f', '1665ef9d-3fde-48cc-accc-7099503369ea', '6734b5a9-1dd9-4937-b201-3c25afb678bf', 9, '{"handling":["Steering not as predictable"],"consistency":0,"notes":"Front DAA Springs: White (Soft) Front Ride Height: 1.8 | 18 / 33 (54%) | fast: 6s avg: 6.2 (18)"}'::jsonb, '[{"isOutlier":true,"lapNumber":175,"timeMs":482898},{"isOutlier":false,"lapNumber":176,"timeMs":7196},{"isOutlier":false,"lapNumber":177,"timeMs":7925},{"isOutlier":false,"lapNumber":178,"timeMs":11159},{"isOutlier":false,"lapNumber":179,"timeMs":7119},{"isOutlier":false,"lapNumber":180,"timeMs":7016},{"isOutlier":false,"lapNumber":181,"timeMs":7277},{"isOutlier":false,"lapNumber":182,"timeMs":8685},{"isOutlier":false,"lapNumber":183,"timeMs":6772},{"isOutlier":false,"lapNumber":184,"timeMs":6415},{"isOutlier":false,"lapNumber":185,"timeMs":6309},{"isOutlier":false,"lapNumber":186,"timeMs":7017},{"isOutlier":false,"lapNumber":187,"timeMs":7441},{"isOutlier":false,"lapNumber":188,"timeMs":6572},{"isOutlier":false,"lapNumber":189,"timeMs":7574},{"isOutlier":false,"lapNumber":190,"timeMs":7599},{"isOutlier":false,"lapNumber":191,"timeMs":6093},{"isOutlier":false,"lapNumber":192,"timeMs":6501},{"isOutlier":false,"lapNumber":193,"timeMs":6446},{"isOutlier":false,"lapNumber":194,"timeMs":6873},{"isOutlier":false,"lapNumber":195,"timeMs":6368},{"isOutlier":false,"lapNumber":196,"timeMs":6373},{"isOutlier":false,"lapNumber":197,"timeMs":6138},{"isOutlier":false,"lapNumber":198,"timeMs":7020},{"isOutlier":false,"lapNumber":199,"timeMs":6067},{"isOutlier":false,"lapNumber":200,"timeMs":9072},{"isOutlier":false,"lapNumber":201,"timeMs":6218},{"isOutlier":false,"lapNumber":202,"timeMs":6667},{"isOutlier":false,"lapNumber":203,"timeMs":6295},{"isOutlier":false,"lapNumber":204,"timeMs":6184},{"isOutlier":false,"lapNumber":205,"timeMs":6274},{"isOutlier":false,"lapNumber":206,"timeMs":6129},{"isOutlier":false,"lapNumber":207,"timeMs":6032}]'::jsonb, '[{"capabilityId":"setup-change","value":"Front DAA Springs: White (Soft) Front Ride Height: 1.8"}]'::jsonb, '2025-12-28T12:00:00.000Z'::timestamptz, '2025-12-28T12:00:00.000Z'::timestamptz) ON CONFLICT (id) DO NOTHING;
  INSERT INTO run_segments (id, session_id, setup_snapshot_id, segment_number, feedback, lap_times, setup_changes, started_at, ended_at)
  VALUES ('ade1a7f3-b6a2-47b3-862a-a1a63ba00567', '1665ef9d-3fde-48cc-accc-7099503369ea', '6734b5a9-1dd9-4937-b201-3c25afb678bf', 10, '{"handling":["Steering more predicable but car is slower"],"consistency":0,"notes":"Front Ride Height: 2.0 | 10 /22 (45%) | fast: 6.1s avg: 6.3 (13)"}'::jsonb, '[{"isOutlier":false,"lapNumber":208,"timeMs":6169},{"isOutlier":false,"lapNumber":209,"timeMs":6192},{"isOutlier":true,"lapNumber":210,"timeMs":601268},{"isOutlier":false,"lapNumber":211,"timeMs":8455},{"isOutlier":false,"lapNumber":212,"timeMs":6672},{"isOutlier":false,"lapNumber":213,"timeMs":8776},{"isOutlier":false,"lapNumber":214,"timeMs":8314},{"isOutlier":false,"lapNumber":215,"timeMs":6388},{"isOutlier":false,"lapNumber":216,"timeMs":6117},{"isOutlier":false,"lapNumber":217,"timeMs":7009},{"isOutlier":false,"lapNumber":218,"timeMs":14541},{"isOutlier":false,"lapNumber":219,"timeMs":6169},{"isOutlier":false,"lapNumber":220,"timeMs":6283},{"isOutlier":false,"lapNumber":221,"timeMs":6273},{"isOutlier":false,"lapNumber":222,"timeMs":12424},{"isOutlier":false,"lapNumber":223,"timeMs":9359},{"isOutlier":false,"lapNumber":224,"timeMs":7674},{"isOutlier":false,"lapNumber":225,"timeMs":6483},{"isOutlier":false,"lapNumber":226,"timeMs":6353},{"isOutlier":false,"lapNumber":227,"timeMs":6151},{"isOutlier":false,"lapNumber":228,"timeMs":6523},{"isOutlier":false,"lapNumber":229,"timeMs":6221}]'::jsonb, '[{"capabilityId":"setup-change","value":"Front Ride Height: 2.0"}]'::jsonb, '2025-12-28T12:00:00.000Z'::timestamptz, '2025-12-28T12:00:00.000Z'::timestamptz) ON CONFLICT (id) DO NOTHING;
  INSERT INTO run_segments (id, session_id, setup_snapshot_id, segment_number, feedback, lap_times, setup_changes, started_at, ended_at)
  VALUES ('0a7d7098-47c9-4535-a71e-f3e08f1c9d7c', '1665ef9d-3fde-48cc-accc-7099503369ea', '6734b5a9-1dd9-4937-b201-3c25afb678bf', 11, '{"handling":["Battery died"],"consistency":0,"notes":"Front Ride Height: 2.1 (by damper) | 12 / 20 (60%) | fast: 5.9s avg: 6.2 (16)"}'::jsonb, '[{"isOutlier":true,"lapNumber":230,"timeMs":978748},{"isOutlier":false,"lapNumber":231,"timeMs":6225},{"isOutlier":false,"lapNumber":232,"timeMs":5943},{"isOutlier":false,"lapNumber":233,"timeMs":6156},{"isOutlier":false,"lapNumber":234,"timeMs":6497},{"isOutlier":false,"lapNumber":235,"timeMs":6241},{"isOutlier":false,"lapNumber":236,"timeMs":6361},{"isOutlier":false,"lapNumber":237,"timeMs":6042},{"isOutlier":false,"lapNumber":238,"timeMs":6039},{"isOutlier":false,"lapNumber":239,"timeMs":6191},{"isOutlier":false,"lapNumber":240,"timeMs":10338},{"isOutlier":false,"lapNumber":241,"timeMs":6536},{"isOutlier":false,"lapNumber":242,"timeMs":6265},{"isOutlier":false,"lapNumber":243,"timeMs":6164},{"isOutlier":false,"lapNumber":244,"timeMs":8362},{"isOutlier":false,"lapNumber":245,"timeMs":6126},{"isOutlier":false,"lapNumber":246,"timeMs":6254},{"isOutlier":false,"lapNumber":247,"timeMs":9562},{"isOutlier":false,"lapNumber":248,"timeMs":6403},{"isOutlier":false,"lapNumber":249,"timeMs":6429}]'::jsonb, '[{"capabilityId":"setup-change","value":"Front Ride Height: 2.1 (by damper)"}]'::jsonb, '2025-12-28T12:00:00.000Z'::timestamptz, '2025-12-28T12:00:00.000Z'::timestamptz) ON CONFLICT (id) DO NOTHING;
  INSERT INTO run_segments (id, session_id, setup_snapshot_id, segment_number, feedback, lap_times, setup_changes, started_at, ended_at)
  VALUES ('702dca21-22db-4260-b363-f26d764fb4bf', '1665ef9d-3fde-48cc-accc-7099503369ea', '6734b5a9-1dd9-4937-b201-3c25afb678bf', 12, '{"handling":["Drives Great – Looking for what if"],"consistency":0,"notes":"New Battery | 16/32 (50%) | fast: 5.9s avg: 5.9 (22)"}'::jsonb, '[{"isOutlier":true,"lapNumber":250,"timeMs":113824},{"isOutlier":false,"lapNumber":251,"timeMs":7713},{"isOutlier":false,"lapNumber":252,"timeMs":7015},{"isOutlier":false,"lapNumber":253,"timeMs":8343},{"isOutlier":false,"lapNumber":254,"timeMs":6161},{"isOutlier":false,"lapNumber":255,"timeMs":8068},{"isOutlier":false,"lapNumber":256,"timeMs":6365},{"isOutlier":false,"lapNumber":257,"timeMs":8887},{"isOutlier":false,"lapNumber":258,"timeMs":8308},{"isOutlier":false,"lapNumber":259,"timeMs":6715},{"isOutlier":false,"lapNumber":260,"timeMs":6217},{"isOutlier":false,"lapNumber":261,"timeMs":9015},{"isOutlier":false,"lapNumber":262,"timeMs":6354},{"isOutlier":false,"lapNumber":263,"timeMs":7004},{"isOutlier":false,"lapNumber":264,"timeMs":6727},{"isOutlier":false,"lapNumber":265,"timeMs":5954},{"isOutlier":false,"lapNumber":266,"timeMs":7146},{"isOutlier":false,"lapNumber":267,"timeMs":10104},{"isOutlier":false,"lapNumber":268,"timeMs":6245},{"isOutlier":false,"lapNumber":269,"timeMs":6497},{"isOutlier":false,"lapNumber":270,"timeMs":6725},{"isOutlier":false,"lapNumber":271,"timeMs":6872},{"isOutlier":false,"lapNumber":272,"timeMs":6011},{"isOutlier":false,"lapNumber":273,"timeMs":5963},{"isOutlier":false,"lapNumber":274,"timeMs":5948},{"isOutlier":false,"lapNumber":275,"timeMs":6057},{"isOutlier":false,"lapNumber":276,"timeMs":6020},{"isOutlier":false,"lapNumber":277,"timeMs":6134},{"isOutlier":false,"lapNumber":278,"timeMs":6146},{"isOutlier":false,"lapNumber":279,"timeMs":6458},{"isOutlier":false,"lapNumber":280,"timeMs":6113},{"isOutlier":false,"lapNumber":281,"timeMs":6095}]'::jsonb, '[{"capabilityId":"setup-change","value":"New Battery"}]'::jsonb, '2025-12-28T12:00:00.000Z'::timestamptz, '2025-12-28T12:00:00.000Z'::timestamptz) ON CONFLICT (id) DO NOTHING;
  INSERT INTO run_segments (id, session_id, setup_snapshot_id, segment_number, feedback, lap_times, setup_changes, started_at, ended_at)
  VALUES ('4c5aa4e0-a289-4d57-bd44-bc50801ebfef', '1665ef9d-3fde-48cc-accc-7099503369ea', '6734b5a9-1dd9-4937-b201-3c25afb678bf', 13, '{"handling":["Drives Great – Looking for more speed"],"consistency":0,"notes":"Front DAA Springs: Yellow (Med) Front Ride Height: 2.1 | 10/20 (50%) | fast: 5.8s avg: 6.0 (13)"}'::jsonb, '[{"isOutlier":true,"lapNumber":282,"timeMs":563829},{"isOutlier":false,"lapNumber":283,"timeMs":9121},{"isOutlier":false,"lapNumber":284,"timeMs":6604},{"isOutlier":false,"lapNumber":285,"timeMs":8539},{"isOutlier":false,"lapNumber":286,"timeMs":7768},{"isOutlier":false,"lapNumber":287,"timeMs":6249},{"isOutlier":false,"lapNumber":288,"timeMs":10146},{"isOutlier":false,"lapNumber":289,"timeMs":8127},{"isOutlier":false,"lapNumber":290,"timeMs":6229},{"isOutlier":false,"lapNumber":291,"timeMs":6218},{"isOutlier":false,"lapNumber":292,"timeMs":6820},{"isOutlier":false,"lapNumber":293,"timeMs":8561},{"isOutlier":false,"lapNumber":294,"timeMs":5862},{"isOutlier":false,"lapNumber":295,"timeMs":6216},{"isOutlier":false,"lapNumber":296,"timeMs":6192},{"isOutlier":false,"lapNumber":297,"timeMs":5997},{"isOutlier":false,"lapNumber":298,"timeMs":6507},{"isOutlier":false,"lapNumber":299,"timeMs":6100},{"isOutlier":false,"lapNumber":300,"timeMs":6023},{"isOutlier":false,"lapNumber":301,"timeMs":6022}]'::jsonb, '[{"capabilityId":"setup-change","value":"Front DAA Springs: Yellow (Med) Front Ride Height: 2.1"}]'::jsonb, '2025-12-28T12:00:00.000Z'::timestamptz, '2025-12-28T12:00:00.000Z'::timestamptz) ON CONFLICT (id) DO NOTHING;
  INSERT INTO run_segments (id, session_id, setup_snapshot_id, segment_number, feedback, lap_times, setup_changes, started_at, ended_at)
  VALUES ('47729c61-f614-4fa2-a73c-f0f554566cce', '1665ef9d-3fde-48cc-accc-7099503369ea', '6734b5a9-1dd9-4937-b201-3c25afb678bf', 14, '{"handling":[],"consistency":0,"notes":"Toe Angle: 2 degrees out | 21/61 (34%) | fast: 5.8s avg: 6.2 (38)"}'::jsonb, '[{"isOutlier":true,"lapNumber":302,"timeMs":1462613},{"isOutlier":false,"lapNumber":303,"timeMs":6638},{"isOutlier":false,"lapNumber":304,"timeMs":7133},{"isOutlier":false,"lapNumber":305,"timeMs":7998},{"isOutlier":false,"lapNumber":306,"timeMs":6079},{"isOutlier":false,"lapNumber":307,"timeMs":6311},{"isOutlier":false,"lapNumber":308,"timeMs":9339},{"isOutlier":false,"lapNumber":309,"timeMs":6154},{"isOutlier":false,"lapNumber":310,"timeMs":10799},{"isOutlier":false,"lapNumber":311,"timeMs":6133},{"isOutlier":false,"lapNumber":312,"timeMs":8951},{"isOutlier":false,"lapNumber":313,"timeMs":9816},{"isOutlier":false,"lapNumber":314,"timeMs":9985},{"isOutlier":false,"lapNumber":315,"timeMs":5932},{"isOutlier":false,"lapNumber":316,"timeMs":11864},{"isOutlier":false,"lapNumber":317,"timeMs":6024},{"isOutlier":false,"lapNumber":318,"timeMs":6488},{"isOutlier":false,"lapNumber":319,"timeMs":7850},{"isOutlier":false,"lapNumber":320,"timeMs":6334},{"isOutlier":false,"lapNumber":321,"timeMs":5816},{"isOutlier":false,"lapNumber":322,"timeMs":6405},{"isOutlier":false,"lapNumber":323,"timeMs":7389},{"isOutlier":false,"lapNumber":324,"timeMs":6470},{"isOutlier":false,"lapNumber":325,"timeMs":7549},{"isOutlier":false,"lapNumber":326,"timeMs":6117},{"isOutlier":false,"lapNumber":327,"timeMs":5947},{"isOutlier":false,"lapNumber":328,"timeMs":5875},{"isOutlier":false,"lapNumber":329,"timeMs":7233},{"isOutlier":false,"lapNumber":330,"timeMs":8436},{"isOutlier":false,"lapNumber":331,"timeMs":21937},{"isOutlier":false,"lapNumber":332,"timeMs":7795},{"isOutlier":false,"lapNumber":333,"timeMs":6007},{"isOutlier":false,"lapNumber":334,"timeMs":6790},{"isOutlier":false,"lapNumber":335,"timeMs":10485},{"isOutlier":false,"lapNumber":336,"timeMs":8197},{"isOutlier":false,"lapNumber":337,"timeMs":12608},{"isOutlier":false,"lapNumber":338,"timeMs":6587},{"isOutlier":false,"lapNumber":339,"timeMs":6422},{"isOutlier":false,"lapNumber":340,"timeMs":10645},{"isOutlier":false,"lapNumber":341,"timeMs":6378},{"isOutlier":false,"lapNumber":342,"timeMs":7805},{"isOutlier":false,"lapNumber":343,"timeMs":6486},{"isOutlier":false,"lapNumber":344,"timeMs":6644},{"isOutlier":false,"lapNumber":345,"timeMs":6992},{"isOutlier":false,"lapNumber":346,"timeMs":6231},{"isOutlier":false,"lapNumber":347,"timeMs":6403},{"isOutlier":false,"lapNumber":348,"timeMs":6344},{"isOutlier":false,"lapNumber":349,"timeMs":5959},{"isOutlier":false,"lapNumber":350,"timeMs":9480},{"isOutlier":false,"lapNumber":351,"timeMs":6273},{"isOutlier":false,"lapNumber":352,"timeMs":9587},{"isOutlier":false,"lapNumber":353,"timeMs":6621},{"isOutlier":false,"lapNumber":354,"timeMs":6289},{"isOutlier":false,"lapNumber":355,"timeMs":6084},{"isOutlier":false,"lapNumber":356,"timeMs":6095},{"isOutlier":false,"lapNumber":357,"timeMs":7551},{"isOutlier":false,"lapNumber":358,"timeMs":6003},{"isOutlier":false,"lapNumber":359,"timeMs":6051},{"isOutlier":false,"lapNumber":360,"timeMs":6223},{"isOutlier":false,"lapNumber":361,"timeMs":6787},{"isOutlier":false,"lapNumber":362,"timeMs":6410}]'::jsonb, '[{"capabilityId":"setup-change","value":"Toe Angle: 2 degrees out"}]'::jsonb, '2025-12-28T12:00:00.000Z'::timestamptz, '2025-12-28T12:00:00.000Z'::timestamptz) ON CONFLICT (id) DO NOTHING;
  INSERT INTO run_segments (id, session_id, setup_snapshot_id, segment_number, feedback, lap_times, setup_changes, started_at, ended_at)
  VALUES ('a86946f0-3b61-4d3c-b1bc-70cc05736f4c', '1665ef9d-3fde-48cc-accc-7099503369ea', '6734b5a9-1dd9-4937-b201-3c25afb678bf', 15, '{"handling":["Steering is improved but unpredictable on throttle"],"consistency":0,"notes":"New Battery | 14/33 (44%) | fast: 5.8s avg: 6.3 (15)"}'::jsonb, '[{"isOutlier":true,"lapNumber":363,"timeMs":132198},{"isOutlier":false,"lapNumber":364,"timeMs":6237},{"isOutlier":false,"lapNumber":365,"timeMs":6915},{"isOutlier":false,"lapNumber":366,"timeMs":6095},{"isOutlier":false,"lapNumber":367,"timeMs":6021},{"isOutlier":false,"lapNumber":368,"timeMs":11958},{"isOutlier":false,"lapNumber":369,"timeMs":33268},{"isOutlier":false,"lapNumber":370,"timeMs":6612},{"isOutlier":false,"lapNumber":371,"timeMs":10793},{"isOutlier":false,"lapNumber":372,"timeMs":7103},{"isOutlier":false,"lapNumber":373,"timeMs":7790},{"isOutlier":false,"lapNumber":374,"timeMs":6294},{"isOutlier":false,"lapNumber":375,"timeMs":11874},{"isOutlier":false,"lapNumber":376,"timeMs":8509},{"isOutlier":false,"lapNumber":377,"timeMs":8300},{"isOutlier":false,"lapNumber":378,"timeMs":8005},{"isOutlier":false,"lapNumber":379,"timeMs":7991},{"isOutlier":false,"lapNumber":380,"timeMs":7824},{"isOutlier":false,"lapNumber":381,"timeMs":6203},{"isOutlier":false,"lapNumber":382,"timeMs":6241},{"isOutlier":false,"lapNumber":383,"timeMs":6100},{"isOutlier":false,"lapNumber":384,"timeMs":5860},{"isOutlier":false,"lapNumber":385,"timeMs":6375},{"isOutlier":false,"lapNumber":386,"timeMs":6540},{"isOutlier":false,"lapNumber":387,"timeMs":6085},{"isOutlier":false,"lapNumber":388,"timeMs":6008},{"isOutlier":false,"lapNumber":389,"timeMs":7462},{"isOutlier":false,"lapNumber":390,"timeMs":8226},{"isOutlier":false,"lapNumber":391,"timeMs":14151},{"isOutlier":false,"lapNumber":392,"timeMs":8413},{"isOutlier":false,"lapNumber":393,"timeMs":6005},{"isOutlier":false,"lapNumber":394,"timeMs":6461},{"isOutlier":false,"lapNumber":395,"timeMs":9385}]'::jsonb, '[{"capabilityId":"setup-change","value":"New Battery"}]'::jsonb, '2025-12-28T12:00:00.000Z'::timestamptz, '2025-12-28T12:00:00.000Z'::timestamptz) ON CONFLICT (id) DO NOTHING;
  INSERT INTO run_segments (id, session_id, setup_snapshot_id, segment_number, feedback, lap_times, setup_changes, started_at, ended_at)
  VALUES ('4f8fd02b-33a1-4c33-b871-1fa65cf30428', '1665ef9d-3fde-48cc-accc-7099503369ea', '6734b5a9-1dd9-4937-b201-3c25afb678bf', 16, '{"handling":["Diff Too loose"],"consistency":0,"notes":"Rear Diff – Tight – ¼ turn | 1 / 6 (16%) | fast: 6.3s avg: 6.3 (3)"}'::jsonb, '[{"isOutlier":true,"lapNumber":396,"timeMs":570282},{"isOutlier":false,"lapNumber":397,"timeMs":6404},{"isOutlier":false,"lapNumber":398,"timeMs":9920},{"isOutlier":false,"lapNumber":399,"timeMs":6459},{"isOutlier":false,"lapNumber":400,"timeMs":6306},{"isOutlier":false,"lapNumber":401,"timeMs":10256}]'::jsonb, '[{"capabilityId":"setup-change","value":"Rear Diff – Tight – ¼ turn"}]'::jsonb, '2025-12-28T12:00:00.000Z'::timestamptz, '2025-12-28T12:00:00.000Z'::timestamptz) ON CONFLICT (id) DO NOTHING;
  INSERT INTO run_segments (id, session_id, setup_snapshot_id, segment_number, feedback, lap_times, setup_changes, started_at, ended_at)
  VALUES ('e819f3e8-968e-4ac3-8ac5-c8b45765a1a9', '1665ef9d-3fde-48cc-accc-7099503369ea', '6734b5a9-1dd9-4937-b201-3c25afb678bf', 17, '{"handling":["Drives Great – Looking for more speed"],"consistency":0,"notes":"Rear Diff – Tight – 1/8 turn | 18/34 (52%) | fast: 5.7s avg: 6.1 (20)"}'::jsonb, '[{"isOutlier":false,"lapNumber":402,"timeMs":7549},{"isOutlier":false,"lapNumber":403,"timeMs":7514},{"isOutlier":false,"lapNumber":404,"timeMs":7137},{"isOutlier":true,"lapNumber":405,"timeMs":132787},{"isOutlier":false,"lapNumber":406,"timeMs":9262},{"isOutlier":false,"lapNumber":407,"timeMs":8300},{"isOutlier":false,"lapNumber":408,"timeMs":6365},{"isOutlier":false,"lapNumber":409,"timeMs":8073},{"isOutlier":false,"lapNumber":410,"timeMs":6554},{"isOutlier":false,"lapNumber":411,"timeMs":7657},{"isOutlier":false,"lapNumber":412,"timeMs":6236},{"isOutlier":false,"lapNumber":413,"timeMs":6776},{"isOutlier":false,"lapNumber":414,"timeMs":6161},{"isOutlier":false,"lapNumber":415,"timeMs":6415},{"isOutlier":false,"lapNumber":416,"timeMs":5853},{"isOutlier":false,"lapNumber":417,"timeMs":7156},{"isOutlier":false,"lapNumber":418,"timeMs":6034},{"isOutlier":false,"lapNumber":419,"timeMs":6039},{"isOutlier":false,"lapNumber":420,"timeMs":8113},{"isOutlier":false,"lapNumber":421,"timeMs":8741},{"isOutlier":false,"lapNumber":422,"timeMs":6982},{"isOutlier":false,"lapNumber":423,"timeMs":6213},{"isOutlier":false,"lapNumber":424,"timeMs":6074},{"isOutlier":false,"lapNumber":425,"timeMs":5887},{"isOutlier":false,"lapNumber":426,"timeMs":5783},{"isOutlier":false,"lapNumber":427,"timeMs":6036},{"isOutlier":false,"lapNumber":428,"timeMs":6062},{"isOutlier":false,"lapNumber":429,"timeMs":6074},{"isOutlier":false,"lapNumber":430,"timeMs":6742},{"isOutlier":false,"lapNumber":431,"timeMs":7042},{"isOutlier":false,"lapNumber":432,"timeMs":6524},{"isOutlier":false,"lapNumber":433,"timeMs":6837},{"isOutlier":false,"lapNumber":434,"timeMs":6061},{"isOutlier":false,"lapNumber":435,"timeMs":5995}]'::jsonb, '[{"capabilityId":"setup-change","value":"Rear Diff – Tight – 1/8 turn"}]'::jsonb, '2025-12-28T12:00:00.000Z'::timestamptz, '2025-12-28T12:00:00.000Z'::timestamptz) ON CONFLICT (id) DO NOTHING;
  INSERT INTO run_segments (id, session_id, setup_snapshot_id, segment_number, feedback, lap_times, setup_changes, started_at, ended_at)
  VALUES ('0d43e092-e009-4ece-8d3c-a5dec4c1ee6d', '1665ef9d-3fde-48cc-accc-7099503369ea', '6734b5a9-1dd9-4937-b201-3c25afb678bf', 18, '{"handling":["Drives Great – Looking for more speed"],"consistency":0,"notes":"Center Damper Grease: : Atomic 15000 | 15/26 (57%) | fast: 5.7s avg: 6.2 (17)"}'::jsonb, '[{"isOutlier":true,"lapNumber":436,"timeMs":471696},{"isOutlier":false,"lapNumber":437,"timeMs":9013},{"isOutlier":false,"lapNumber":438,"timeMs":11370},{"isOutlier":false,"lapNumber":439,"timeMs":9199},{"isOutlier":false,"lapNumber":440,"timeMs":6348},{"isOutlier":false,"lapNumber":441,"timeMs":6146},{"isOutlier":false,"lapNumber":442,"timeMs":6317},{"isOutlier":false,"lapNumber":443,"timeMs":5754},{"isOutlier":false,"lapNumber":444,"timeMs":11962},{"isOutlier":false,"lapNumber":445,"timeMs":10822},{"isOutlier":false,"lapNumber":446,"timeMs":7633},{"isOutlier":false,"lapNumber":447,"timeMs":6349},{"isOutlier":false,"lapNumber":448,"timeMs":6080},{"isOutlier":false,"lapNumber":449,"timeMs":6367},{"isOutlier":false,"lapNumber":450,"timeMs":6089},{"isOutlier":false,"lapNumber":451,"timeMs":6085},{"isOutlier":false,"lapNumber":452,"timeMs":6320},{"isOutlier":false,"lapNumber":453,"timeMs":6108},{"isOutlier":false,"lapNumber":454,"timeMs":7115},{"isOutlier":false,"lapNumber":455,"timeMs":6502},{"isOutlier":false,"lapNumber":456,"timeMs":5923},{"isOutlier":false,"lapNumber":457,"timeMs":7094},{"isOutlier":false,"lapNumber":458,"timeMs":6068},{"isOutlier":false,"lapNumber":459,"timeMs":6039},{"isOutlier":false,"lapNumber":460,"timeMs":6000},{"isOutlier":false,"lapNumber":461,"timeMs":6210}]'::jsonb, '[{"capabilityId":"setup-change","value":"Center Damper Grease: : Atomic 15000"}]'::jsonb, '2025-12-28T12:00:00.000Z'::timestamptz, '2025-12-28T12:00:00.000Z'::timestamptz) ON CONFLICT (id) DO NOTHING;
  INSERT INTO run_segments (id, session_id, setup_snapshot_id, segment_number, feedback, lap_times, setup_changes, started_at, ended_at)
  VALUES ('bcb84614-7e08-4f26-a2c1-952870f028dd', '1665ef9d-3fde-48cc-accc-7099503369ea', '6734b5a9-1dd9-4937-b201-3c25afb678bf', 19, '{"handling":["Drives Great – Looking for more speed"],"consistency":0,"notes":"Rear Top Spring: Medium (hard) - 3 Turns | 24/44 (54%) | fast: 5.8s avg: 6.2 (31)"}'::jsonb, '[{"isOutlier":false,"lapNumber":462,"timeMs":15408},{"isOutlier":false,"lapNumber":463,"timeMs":9278},{"isOutlier":false,"lapNumber":464,"timeMs":6059},{"isOutlier":false,"lapNumber":465,"timeMs":6102},{"isOutlier":true,"lapNumber":466,"timeMs":354122},{"isOutlier":false,"lapNumber":467,"timeMs":13294},{"isOutlier":false,"lapNumber":468,"timeMs":6230},{"isOutlier":false,"lapNumber":469,"timeMs":6374},{"isOutlier":false,"lapNumber":470,"timeMs":6035},{"isOutlier":false,"lapNumber":471,"timeMs":5998},{"isOutlier":false,"lapNumber":472,"timeMs":6219},{"isOutlier":false,"lapNumber":473,"timeMs":6145},{"isOutlier":false,"lapNumber":474,"timeMs":10527},{"isOutlier":false,"lapNumber":475,"timeMs":6540},{"isOutlier":false,"lapNumber":476,"timeMs":5821},{"isOutlier":false,"lapNumber":477,"timeMs":6120},{"isOutlier":false,"lapNumber":478,"timeMs":8179},{"isOutlier":false,"lapNumber":479,"timeMs":6248},{"isOutlier":false,"lapNumber":480,"timeMs":6050},{"isOutlier":false,"lapNumber":481,"timeMs":6079},{"isOutlier":false,"lapNumber":482,"timeMs":6192},{"isOutlier":false,"lapNumber":483,"timeMs":6757},{"isOutlier":false,"lapNumber":484,"timeMs":8086},{"isOutlier":false,"lapNumber":485,"timeMs":8638},{"isOutlier":false,"lapNumber":486,"timeMs":6085},{"isOutlier":false,"lapNumber":487,"timeMs":8005},{"isOutlier":false,"lapNumber":488,"timeMs":6162},{"isOutlier":false,"lapNumber":489,"timeMs":6511},{"isOutlier":false,"lapNumber":490,"timeMs":7687},{"isOutlier":false,"lapNumber":491,"timeMs":6341},{"isOutlier":false,"lapNumber":492,"timeMs":7656},{"isOutlier":false,"lapNumber":493,"timeMs":6079},{"isOutlier":false,"lapNumber":494,"timeMs":6151},{"isOutlier":false,"lapNumber":495,"timeMs":6666},{"isOutlier":false,"lapNumber":496,"timeMs":6162},{"isOutlier":false,"lapNumber":497,"timeMs":5864},{"isOutlier":false,"lapNumber":498,"timeMs":6135},{"isOutlier":false,"lapNumber":499,"timeMs":6709},{"isOutlier":false,"lapNumber":500,"timeMs":6501},{"isOutlier":false,"lapNumber":501,"timeMs":6202},{"isOutlier":false,"lapNumber":502,"timeMs":7441},{"isOutlier":false,"lapNumber":503,"timeMs":6386},{"isOutlier":false,"lapNumber":504,"timeMs":6883},{"isOutlier":false,"lapNumber":505,"timeMs":6366}]'::jsonb, '[{"capabilityId":"setup-change","value":"Rear Top Spring: Medium (hard) - 3 Turns"}]'::jsonb, '2025-12-28T12:00:00.000Z'::timestamptz, '2025-12-28T12:00:00.000Z'::timestamptz) ON CONFLICT (id) DO NOTHING;
  INSERT INTO run_segments (id, session_id, setup_snapshot_id, segment_number, feedback, lap_times, setup_changes, started_at, ended_at)
  VALUES ('5e7434d3-898a-40ee-bd06-e6abe6cf95ec', '1665ef9d-3fde-48cc-accc-7099503369ea', '6734b5a9-1dd9-4937-b201-3c25afb678bf', 20, '{"handling":[],"consistency":0,"notes":"Diff – Atomic gear diff (Stock) New Battery | 7/32 (21%) | fast: 6s avg: 6.3 (16)"}'::jsonb, '[{"isOutlier":true,"lapNumber":506,"timeMs":861142},{"isOutlier":false,"lapNumber":507,"timeMs":7657},{"isOutlier":false,"lapNumber":508,"timeMs":6707},{"isOutlier":false,"lapNumber":509,"timeMs":6214},{"isOutlier":false,"lapNumber":510,"timeMs":10910},{"isOutlier":false,"lapNumber":511,"timeMs":8896},{"isOutlier":false,"lapNumber":512,"timeMs":16230},{"isOutlier":false,"lapNumber":513,"timeMs":6528},{"isOutlier":false,"lapNumber":514,"timeMs":6696},{"isOutlier":false,"lapNumber":515,"timeMs":9632},{"isOutlier":false,"lapNumber":516,"timeMs":10261},{"isOutlier":false,"lapNumber":517,"timeMs":7255},{"isOutlier":false,"lapNumber":518,"timeMs":56791},{"isOutlier":false,"lapNumber":519,"timeMs":10624},{"isOutlier":false,"lapNumber":520,"timeMs":6366},{"isOutlier":false,"lapNumber":521,"timeMs":21068},{"isOutlier":false,"lapNumber":522,"timeMs":6961},{"isOutlier":false,"lapNumber":523,"timeMs":6242},{"isOutlier":false,"lapNumber":524,"timeMs":10434},{"isOutlier":false,"lapNumber":525,"timeMs":6168},{"isOutlier":false,"lapNumber":526,"timeMs":7911},{"isOutlier":false,"lapNumber":527,"timeMs":6478},{"isOutlier":false,"lapNumber":528,"timeMs":11143},{"isOutlier":false,"lapNumber":529,"timeMs":6384},{"isOutlier":false,"lapNumber":530,"timeMs":7816},{"isOutlier":false,"lapNumber":531,"timeMs":6491},{"isOutlier":false,"lapNumber":532,"timeMs":6484},{"isOutlier":false,"lapNumber":533,"timeMs":10519},{"isOutlier":false,"lapNumber":534,"timeMs":6092},{"isOutlier":false,"lapNumber":535,"timeMs":6086},{"isOutlier":false,"lapNumber":536,"timeMs":6159},{"isOutlier":false,"lapNumber":537,"timeMs":6058}]'::jsonb, '[{"capabilityId":"setup-change","value":"Diff – Atomic gear diff (Stock) New Battery"}]'::jsonb, '2025-12-28T12:00:00.000Z'::timestamptz, '2025-12-28T12:00:00.000Z'::timestamptz) ON CONFLICT (id) DO NOTHING;
  INSERT INTO run_segments (id, session_id, setup_snapshot_id, segment_number, feedback, lap_times, setup_changes, started_at, ended_at)
  VALUES ('4a71697c-4ea0-46f4-9ac4-fe6116748940', '1665ef9d-3fde-48cc-accc-7099503369ea', '6734b5a9-1dd9-4937-b201-3c25afb678bf', 21, '{"handling":[],"consistency":0,"notes":"Rear Top Spring: Medium (Yellow) + 3 Turns | 20/50 (40%) | fast: 5.9s avg: 6.2 (27)"}'::jsonb, '[{"isOutlier":true,"lapNumber":538,"timeMs":228733},{"isOutlier":false,"lapNumber":539,"timeMs":7350},{"isOutlier":false,"lapNumber":540,"timeMs":6097},{"isOutlier":false,"lapNumber":541,"timeMs":6343},{"isOutlier":false,"lapNumber":542,"timeMs":6218},{"isOutlier":false,"lapNumber":543,"timeMs":6518},{"isOutlier":false,"lapNumber":544,"timeMs":8251},{"isOutlier":false,"lapNumber":545,"timeMs":6039},{"isOutlier":false,"lapNumber":546,"timeMs":10488},{"isOutlier":false,"lapNumber":547,"timeMs":6056},{"isOutlier":false,"lapNumber":548,"timeMs":6275},{"isOutlier":false,"lapNumber":549,"timeMs":6406},{"isOutlier":false,"lapNumber":550,"timeMs":6254},{"isOutlier":false,"lapNumber":551,"timeMs":8933},{"isOutlier":false,"lapNumber":552,"timeMs":9847},{"isOutlier":false,"lapNumber":553,"timeMs":7477},{"isOutlier":false,"lapNumber":554,"timeMs":6943},{"isOutlier":false,"lapNumber":555,"timeMs":45876},{"isOutlier":false,"lapNumber":556,"timeMs":11284},{"isOutlier":false,"lapNumber":557,"timeMs":8278},{"isOutlier":false,"lapNumber":558,"timeMs":6298},{"isOutlier":false,"lapNumber":559,"timeMs":6311},{"isOutlier":false,"lapNumber":560,"timeMs":6292},{"isOutlier":false,"lapNumber":561,"timeMs":6333},{"isOutlier":false,"lapNumber":562,"timeMs":6491},{"isOutlier":false,"lapNumber":563,"timeMs":5962},{"isOutlier":false,"lapNumber":564,"timeMs":10549},{"isOutlier":false,"lapNumber":565,"timeMs":6622},{"isOutlier":false,"lapNumber":566,"timeMs":7084},{"isOutlier":false,"lapNumber":567,"timeMs":6342},{"isOutlier":false,"lapNumber":568,"timeMs":6181},{"isOutlier":false,"lapNumber":569,"timeMs":6499},{"isOutlier":false,"lapNumber":570,"timeMs":6349},{"isOutlier":false,"lapNumber":571,"timeMs":6448},{"isOutlier":false,"lapNumber":572,"timeMs":7875},{"isOutlier":false,"lapNumber":573,"timeMs":7096},{"isOutlier":false,"lapNumber":574,"timeMs":10622},{"isOutlier":false,"lapNumber":575,"timeMs":14280},{"isOutlier":false,"lapNumber":576,"timeMs":7095},{"isOutlier":false,"lapNumber":577,"timeMs":9674},{"isOutlier":false,"lapNumber":578,"timeMs":9858},{"isOutlier":false,"lapNumber":579,"timeMs":8155},{"isOutlier":false,"lapNumber":580,"timeMs":9617},{"isOutlier":false,"lapNumber":581,"timeMs":7779},{"isOutlier":false,"lapNumber":582,"timeMs":6609},{"isOutlier":false,"lapNumber":583,"timeMs":9101},{"isOutlier":false,"lapNumber":584,"timeMs":11585},{"isOutlier":false,"lapNumber":585,"timeMs":8421},{"isOutlier":false,"lapNumber":586,"timeMs":6763},{"isOutlier":false,"lapNumber":587,"timeMs":6121}]'::jsonb, '[{"capabilityId":"setup-change","value":"Rear Top Spring: Medium (Yellow) + 3 Turns"}]'::jsonb, '2025-12-28T12:00:00.000Z'::timestamptz, '2025-12-28T12:00:00.000Z'::timestamptz) ON CONFLICT (id) DO NOTHING;
  INSERT INTO run_segments (id, session_id, setup_snapshot_id, segment_number, feedback, lap_times, setup_changes, started_at, ended_at)
  VALUES ('549cda53-07cb-4ec7-9661-6f19fc658ff9', '1665ef9d-3fde-48cc-accc-7099503369ea', '6734b5a9-1dd9-4937-b201-3c25afb678bf', 22, '{"handling":[],"consistency":0,"notes":"Rear Top Spring: Medium (Yellow) + 0 Turns | 14/28 (50%) | fast: 6s avg: 6.2 (20)"}'::jsonb, '[{"isOutlier":false,"lapNumber":588,"timeMs":6467},{"isOutlier":false,"lapNumber":589,"timeMs":6423},{"isOutlier":false,"lapNumber":590,"timeMs":6585},{"isOutlier":true,"lapNumber":591,"timeMs":263549},{"isOutlier":false,"lapNumber":592,"timeMs":29423},{"isOutlier":false,"lapNumber":593,"timeMs":7463},{"isOutlier":false,"lapNumber":594,"timeMs":9313},{"isOutlier":false,"lapNumber":595,"timeMs":6301},{"isOutlier":false,"lapNumber":596,"timeMs":12177},{"isOutlier":false,"lapNumber":597,"timeMs":6264},{"isOutlier":false,"lapNumber":598,"timeMs":6370},{"isOutlier":false,"lapNumber":599,"timeMs":6979},{"isOutlier":false,"lapNumber":600,"timeMs":6832},{"isOutlier":false,"lapNumber":601,"timeMs":6077},{"isOutlier":false,"lapNumber":602,"timeMs":6233},{"isOutlier":false,"lapNumber":603,"timeMs":8233},{"isOutlier":false,"lapNumber":604,"timeMs":9167},{"isOutlier":false,"lapNumber":605,"timeMs":6885},{"isOutlier":false,"lapNumber":606,"timeMs":6385},{"isOutlier":false,"lapNumber":607,"timeMs":6209},{"isOutlier":false,"lapNumber":608,"timeMs":6476},{"isOutlier":false,"lapNumber":609,"timeMs":6667},{"isOutlier":false,"lapNumber":610,"timeMs":10275},{"isOutlier":false,"lapNumber":611,"timeMs":8184},{"isOutlier":false,"lapNumber":612,"timeMs":6587},{"isOutlier":false,"lapNumber":613,"timeMs":6352},{"isOutlier":false,"lapNumber":614,"timeMs":6307},{"isOutlier":false,"lapNumber":615,"timeMs":6274}]'::jsonb, '[{"capabilityId":"setup-change","value":"Rear Top Spring: Medium (Yellow) + 0 Turns"}]'::jsonb, '2025-12-28T12:00:00.000Z'::timestamptz, '2025-12-28T12:00:00.000Z'::timestamptz) ON CONFLICT (id) DO NOTHING;
  INSERT INTO run_segments (id, session_id, setup_snapshot_id, segment_number, feedback, lap_times, setup_changes, started_at, ended_at)
  VALUES ('17cd8ea4-128e-4fee-959c-72200c356af6', '1665ef9d-3fde-48cc-accc-7099503369ea', '6734b5a9-1dd9-4937-b201-3c25afb678bf', 23, '{"handling":[],"consistency":0,"notes":"Marka V5 Front 25° / 11 mm (Medium) (White) (Swapped old tires with slightly used tires) | 35/67 (52%) | fast: 6s avg: 6.4 (45)"}'::jsonb, '[{"isOutlier":true,"lapNumber":616,"timeMs":1018708},{"isOutlier":false,"lapNumber":617,"timeMs":7461},{"isOutlier":false,"lapNumber":618,"timeMs":7774},{"isOutlier":false,"lapNumber":619,"timeMs":10701},{"isOutlier":false,"lapNumber":620,"timeMs":6374},{"isOutlier":false,"lapNumber":621,"timeMs":11411},{"isOutlier":false,"lapNumber":622,"timeMs":6723},{"isOutlier":false,"lapNumber":623,"timeMs":7960},{"isOutlier":false,"lapNumber":624,"timeMs":6684},{"isOutlier":false,"lapNumber":625,"timeMs":7645},{"isOutlier":false,"lapNumber":626,"timeMs":7203},{"isOutlier":false,"lapNumber":627,"timeMs":7072},{"isOutlier":false,"lapNumber":628,"timeMs":13786},{"isOutlier":false,"lapNumber":629,"timeMs":6694},{"isOutlier":false,"lapNumber":630,"timeMs":6428},{"isOutlier":false,"lapNumber":631,"timeMs":6478},{"isOutlier":false,"lapNumber":632,"timeMs":6520},{"isOutlier":false,"lapNumber":633,"timeMs":6419},{"isOutlier":false,"lapNumber":634,"timeMs":6490},{"isOutlier":false,"lapNumber":635,"timeMs":6846},{"isOutlier":false,"lapNumber":636,"timeMs":6534},{"isOutlier":false,"lapNumber":637,"timeMs":8108},{"isOutlier":false,"lapNumber":638,"timeMs":9757},{"isOutlier":false,"lapNumber":639,"timeMs":6129},{"isOutlier":false,"lapNumber":640,"timeMs":7368},{"isOutlier":false,"lapNumber":641,"timeMs":6124},{"isOutlier":false,"lapNumber":642,"timeMs":6347},{"isOutlier":false,"lapNumber":643,"timeMs":6605},{"isOutlier":false,"lapNumber":644,"timeMs":7784},{"isOutlier":false,"lapNumber":645,"timeMs":6081},{"isOutlier":false,"lapNumber":646,"timeMs":6359},{"isOutlier":false,"lapNumber":647,"timeMs":6783},{"isOutlier":false,"lapNumber":648,"timeMs":6187},{"isOutlier":false,"lapNumber":649,"timeMs":6813},{"isOutlier":false,"lapNumber":650,"timeMs":6747},{"isOutlier":false,"lapNumber":651,"timeMs":6350},{"isOutlier":false,"lapNumber":652,"timeMs":6398},{"isOutlier":false,"lapNumber":653,"timeMs":6420},{"isOutlier":false,"lapNumber":654,"timeMs":10587},{"isOutlier":false,"lapNumber":655,"timeMs":7475},{"isOutlier":false,"lapNumber":656,"timeMs":6139},{"isOutlier":false,"lapNumber":657,"timeMs":6301},{"isOutlier":false,"lapNumber":658,"timeMs":6147},{"isOutlier":false,"lapNumber":659,"timeMs":7388},{"isOutlier":false,"lapNumber":660,"timeMs":7120},{"isOutlier":false,"lapNumber":661,"timeMs":11823},{"isOutlier":false,"lapNumber":662,"timeMs":8775},{"isOutlier":false,"lapNumber":663,"timeMs":6691},{"isOutlier":false,"lapNumber":664,"timeMs":7890},{"isOutlier":false,"lapNumber":665,"timeMs":6261},{"isOutlier":false,"lapNumber":666,"timeMs":6389},{"isOutlier":false,"lapNumber":667,"timeMs":6386},{"isOutlier":false,"lapNumber":668,"timeMs":6906},{"isOutlier":false,"lapNumber":669,"timeMs":10745},{"isOutlier":false,"lapNumber":670,"timeMs":6998},{"isOutlier":false,"lapNumber":671,"timeMs":6514},{"isOutlier":false,"lapNumber":672,"timeMs":9640},{"isOutlier":false,"lapNumber":673,"timeMs":6246},{"isOutlier":false,"lapNumber":674,"timeMs":6362},{"isOutlier":false,"lapNumber":675,"timeMs":6414},{"isOutlier":false,"lapNumber":676,"timeMs":6373},{"isOutlier":false,"lapNumber":677,"timeMs":6281},{"isOutlier":false,"lapNumber":678,"timeMs":6871},{"isOutlier":false,"lapNumber":679,"timeMs":6620},{"isOutlier":false,"lapNumber":680,"timeMs":6130},{"isOutlier":false,"lapNumber":681,"timeMs":6259},{"isOutlier":false,"lapNumber":682,"timeMs":6436}]'::jsonb, '[{"capabilityId":"setup-change","value":"Marka V5 Front 25° / 11 mm (Medium) (White) (Swapped old tires with slightly used tires)"}]'::jsonb, '2025-12-28T12:00:00.000Z'::timestamptz, '2025-12-28T12:00:00.000Z'::timestamptz) ON CONFLICT (id) DO NOTHING;

  INSERT INTO setup_snapshots (id, user_id, car_id, name, entries, wheel_tire_setups, notes, created_at, updated_at)
  VALUES ('89bd253b-a9b3-404c-a8d1-c31c0a75416b', uid, 'car-mrx-me', 'MRX ME — 2025-12-31', '[{"value":2.2,"capabilityId":"front-ride-height"},{"value":"Atomic 25000","capabilityId":"front-damper-grease"},{"value":"Yellow (Med)","capabilityId":"daa-spring"},{"value":"2 degrees out","capabilityId":"front-toe"},{"value":"Bottom Kingpin Shim: 2","capabilityId":"caster"},{"value":"2","capabilityId":"camber"},{"value":"1","capabilityId":"damper-shim"},{"value":"v2","capabilityId":"axles"},{"value":3.2,"capabilityId":"rear-ride-height"},{"value":"Horizontal","capabilityId":"rear-spring-style"},{"value":"Atomic 45000","capabilityId":"center-damper-grease"},{"value":"Atomic 25000","capabilityId":"side-spring-damper-grease"},{"value":"Medium (Red)","capabilityId":"vertical-side-spring"},{"value":"Medium (Yellow) + 0 Turn","capabilityId":"rear-top-spring"},{"value":"12T","capabilityId":"pinion-gear"},{"value":"Atomic 53T","capabilityId":"spur-gear"},{"value":"Atomic Gear Diff","capabilityId":"diff-type"},{"value":"PN 2500kv Anima v4","capabilityId":"motor"}]'::jsonb, '[]'::jsonb, 'Baseline setup for test session 2025-12-31', '2025-12-31T12:00:00.000Z'::timestamptz, '2025-12-31T12:00:00.000Z'::timestamptz) ON CONFLICT (id) DO NOTHING;
  INSERT INTO run_sessions (id, user_id, car_id, track_id, notes, started_at, ended_at)
  VALUES ('ed8a0e37-5407-43cd-b4c9-ad3f9b1cb2c6', uid, 'car-mrx-me', 'track-the-cave', 'Test 2025-12-31 - 11 segments, 617 laps', '2025-12-31T12:00:00.000Z'::timestamptz, '2025-12-31T12:00:00.000Z'::timestamptz) ON CONFLICT (id) DO NOTHING;
  INSERT INTO run_segments (id, session_id, setup_snapshot_id, segment_number, feedback, lap_times, setup_changes, started_at, ended_at)
  VALUES ('eb44eca3-eef8-4838-90c3-053f5d762f6a', 'ed8a0e37-5407-43cd-b4c9-ad3f9b1cb2c6', '89bd253b-a9b3-404c-a8d1-c31c0a75416b', 1, '{"handling":["Car drives very smooth and fun to drive. Want to find more speed."],"consistency":0,"notes":"Run Baseline Setup w/New Battery Weights LR/RF | 46/103 (44%) | fast: 6.136s avg: 6.536 (63)"}'::jsonb, '[{"isOutlier":false,"lapNumber":1,"timeMs":12132},{"isOutlier":false,"lapNumber":2,"timeMs":6525},{"isOutlier":false,"lapNumber":3,"timeMs":6967},{"isOutlier":false,"lapNumber":4,"timeMs":6341},{"isOutlier":false,"lapNumber":5,"timeMs":6670},{"isOutlier":false,"lapNumber":6,"timeMs":10368},{"isOutlier":false,"lapNumber":7,"timeMs":8090},{"isOutlier":false,"lapNumber":8,"timeMs":6570},{"isOutlier":false,"lapNumber":9,"timeMs":8821},{"isOutlier":false,"lapNumber":10,"timeMs":6289},{"isOutlier":false,"lapNumber":11,"timeMs":6597},{"isOutlier":false,"lapNumber":12,"timeMs":7142},{"isOutlier":false,"lapNumber":13,"timeMs":6795},{"isOutlier":false,"lapNumber":14,"timeMs":6506},{"isOutlier":false,"lapNumber":15,"timeMs":6757},{"isOutlier":false,"lapNumber":16,"timeMs":8868},{"isOutlier":false,"lapNumber":17,"timeMs":6664},{"isOutlier":false,"lapNumber":18,"timeMs":7113},{"isOutlier":false,"lapNumber":19,"timeMs":8052},{"isOutlier":false,"lapNumber":20,"timeMs":7933},{"isOutlier":false,"lapNumber":21,"timeMs":8771},{"isOutlier":false,"lapNumber":22,"timeMs":7385},{"isOutlier":false,"lapNumber":23,"timeMs":7613},{"isOutlier":false,"lapNumber":24,"timeMs":6535},{"isOutlier":false,"lapNumber":25,"timeMs":6750},{"isOutlier":false,"lapNumber":26,"timeMs":6687},{"isOutlier":false,"lapNumber":27,"timeMs":6605},{"isOutlier":false,"lapNumber":28,"timeMs":6485},{"isOutlier":false,"lapNumber":29,"timeMs":6701},{"isOutlier":false,"lapNumber":30,"timeMs":7063},{"isOutlier":false,"lapNumber":31,"timeMs":6281},{"isOutlier":false,"lapNumber":32,"timeMs":6697},{"isOutlier":false,"lapNumber":33,"timeMs":6519},{"isOutlier":false,"lapNumber":34,"timeMs":7533},{"isOutlier":false,"lapNumber":35,"timeMs":11997},{"isOutlier":false,"lapNumber":36,"timeMs":6892},{"isOutlier":false,"lapNumber":37,"timeMs":9452},{"isOutlier":false,"lapNumber":38,"timeMs":12752},{"isOutlier":false,"lapNumber":39,"timeMs":10091},{"isOutlier":false,"lapNumber":40,"timeMs":7989},{"isOutlier":false,"lapNumber":41,"timeMs":6646},{"isOutlier":false,"lapNumber":42,"timeMs":6882},{"isOutlier":false,"lapNumber":43,"timeMs":6698},{"isOutlier":false,"lapNumber":44,"timeMs":6448},{"isOutlier":false,"lapNumber":45,"timeMs":7104},{"isOutlier":false,"lapNumber":46,"timeMs":6542},{"isOutlier":false,"lapNumber":47,"timeMs":6833},{"isOutlier":false,"lapNumber":48,"timeMs":6476},{"isOutlier":false,"lapNumber":49,"timeMs":6733},{"isOutlier":false,"lapNumber":50,"timeMs":7169},{"isOutlier":false,"lapNumber":51,"timeMs":6473},{"isOutlier":true,"lapNumber":52,"timeMs":178456},{"isOutlier":false,"lapNumber":53,"timeMs":9247},{"isOutlier":false,"lapNumber":54,"timeMs":7997},{"isOutlier":false,"lapNumber":55,"timeMs":11701},{"isOutlier":false,"lapNumber":56,"timeMs":6548},{"isOutlier":false,"lapNumber":57,"timeMs":8200},{"isOutlier":false,"lapNumber":58,"timeMs":7937},{"isOutlier":false,"lapNumber":59,"timeMs":6670},{"isOutlier":false,"lapNumber":60,"timeMs":6948},{"isOutlier":false,"lapNumber":61,"timeMs":7488},{"isOutlier":false,"lapNumber":62,"timeMs":6774},{"isOutlier":false,"lapNumber":63,"timeMs":8712},{"isOutlier":false,"lapNumber":64,"timeMs":7413},{"isOutlier":false,"lapNumber":65,"timeMs":6799},{"isOutlier":false,"lapNumber":66,"timeMs":7923},{"isOutlier":false,"lapNumber":67,"timeMs":7760},{"isOutlier":false,"lapNumber":68,"timeMs":6331},{"isOutlier":false,"lapNumber":69,"timeMs":7522},{"isOutlier":false,"lapNumber":70,"timeMs":6369},{"isOutlier":false,"lapNumber":71,"timeMs":6186},{"isOutlier":false,"lapNumber":72,"timeMs":6759},{"isOutlier":false,"lapNumber":73,"timeMs":6252},{"isOutlier":false,"lapNumber":74,"timeMs":6277},{"isOutlier":false,"lapNumber":75,"timeMs":6619},{"isOutlier":false,"lapNumber":76,"timeMs":7902},{"isOutlier":false,"lapNumber":77,"timeMs":7063},{"isOutlier":false,"lapNumber":78,"timeMs":6214},{"isOutlier":false,"lapNumber":79,"timeMs":6461},{"isOutlier":false,"lapNumber":80,"timeMs":7167},{"isOutlier":false,"lapNumber":81,"timeMs":6517},{"isOutlier":false,"lapNumber":82,"timeMs":6235},{"isOutlier":false,"lapNumber":83,"timeMs":6686},{"isOutlier":false,"lapNumber":84,"timeMs":7828},{"isOutlier":false,"lapNumber":85,"timeMs":6357},{"isOutlier":false,"lapNumber":86,"timeMs":6136},{"isOutlier":false,"lapNumber":87,"timeMs":6692},{"isOutlier":false,"lapNumber":88,"timeMs":6444},{"isOutlier":false,"lapNumber":89,"timeMs":6388},{"isOutlier":false,"lapNumber":90,"timeMs":13710},{"isOutlier":false,"lapNumber":91,"timeMs":9200},{"isOutlier":false,"lapNumber":92,"timeMs":8975},{"isOutlier":false,"lapNumber":93,"timeMs":6703},{"isOutlier":false,"lapNumber":94,"timeMs":7148},{"isOutlier":false,"lapNumber":95,"timeMs":7040},{"isOutlier":false,"lapNumber":96,"timeMs":18390},{"isOutlier":false,"lapNumber":97,"timeMs":7850},{"isOutlier":false,"lapNumber":98,"timeMs":6851},{"isOutlier":false,"lapNumber":99,"timeMs":11887},{"isOutlier":false,"lapNumber":100,"timeMs":6714},{"isOutlier":false,"lapNumber":101,"timeMs":7477},{"isOutlier":false,"lapNumber":102,"timeMs":7113},{"isOutlier":false,"lapNumber":103,"timeMs":28522}]'::jsonb, '[{"capabilityId":"setup-change","value":"Run Baseline Setup w/New Battery Weights LR/RF"}]'::jsonb, '2025-12-31T12:00:00.000Z'::timestamptz, '2025-12-31T12:00:00.000Z'::timestamptz) ON CONFLICT (id) DO NOTHING;
  INSERT INTO run_segments (id, session_id, setup_snapshot_id, segment_number, feedback, lap_times, setup_changes, started_at, ended_at)
  VALUES ('706e595d-8f8b-470b-917a-0b3daa87fec1', 'ed8a0e37-5407-43cd-b4c9-ad3f9b1cb2c6', '89bd253b-a9b3-404c-a8d1-c31c0a75416b', 2, '{"handling":["Car drives very smooth (Tires: LF: 21.8, RF: 21.2 (no discs on Front) LR: 24.8, RR: 24.7"],"consistency":0,"notes":"Chassis weights LF/RR (New Battery) | 35/90 (40%) | fast: 6.055s avg: 6.422 (57)"}'::jsonb, '[{"isOutlier":true,"lapNumber":104,"timeMs":55413837},{"isOutlier":false,"lapNumber":105,"timeMs":9689},{"isOutlier":false,"lapNumber":106,"timeMs":6567},{"isOutlier":false,"lapNumber":107,"timeMs":7178},{"isOutlier":false,"lapNumber":108,"timeMs":6998},{"isOutlier":false,"lapNumber":109,"timeMs":7569},{"isOutlier":false,"lapNumber":110,"timeMs":9226},{"isOutlier":false,"lapNumber":111,"timeMs":6300},{"isOutlier":false,"lapNumber":112,"timeMs":7476},{"isOutlier":false,"lapNumber":113,"timeMs":6404},{"isOutlier":false,"lapNumber":114,"timeMs":6326},{"isOutlier":false,"lapNumber":115,"timeMs":8352},{"isOutlier":false,"lapNumber":116,"timeMs":7131},{"isOutlier":false,"lapNumber":117,"timeMs":7997},{"isOutlier":false,"lapNumber":118,"timeMs":7072},{"isOutlier":false,"lapNumber":119,"timeMs":6294},{"isOutlier":false,"lapNumber":120,"timeMs":6832},{"isOutlier":false,"lapNumber":121,"timeMs":17885},{"isOutlier":false,"lapNumber":122,"timeMs":10187},{"isOutlier":false,"lapNumber":123,"timeMs":8502},{"isOutlier":false,"lapNumber":124,"timeMs":7278},{"isOutlier":false,"lapNumber":125,"timeMs":6818},{"isOutlier":false,"lapNumber":126,"timeMs":8531},{"isOutlier":false,"lapNumber":127,"timeMs":6620},{"isOutlier":false,"lapNumber":128,"timeMs":8647},{"isOutlier":false,"lapNumber":129,"timeMs":6549},{"isOutlier":false,"lapNumber":130,"timeMs":6266},{"isOutlier":false,"lapNumber":131,"timeMs":6175},{"isOutlier":false,"lapNumber":132,"timeMs":10572},{"isOutlier":false,"lapNumber":133,"timeMs":6132},{"isOutlier":false,"lapNumber":134,"timeMs":9540},{"isOutlier":false,"lapNumber":135,"timeMs":6743},{"isOutlier":false,"lapNumber":136,"timeMs":6185},{"isOutlier":false,"lapNumber":137,"timeMs":6260},{"isOutlier":false,"lapNumber":138,"timeMs":6055},{"isOutlier":false,"lapNumber":139,"timeMs":7462},{"isOutlier":false,"lapNumber":140,"timeMs":12068},{"isOutlier":false,"lapNumber":141,"timeMs":9710},{"isOutlier":false,"lapNumber":142,"timeMs":6468},{"isOutlier":false,"lapNumber":143,"timeMs":7157},{"isOutlier":false,"lapNumber":144,"timeMs":6291},{"isOutlier":false,"lapNumber":145,"timeMs":6174},{"isOutlier":false,"lapNumber":146,"timeMs":6537},{"isOutlier":false,"lapNumber":147,"timeMs":6084},{"isOutlier":false,"lapNumber":148,"timeMs":7141},{"isOutlier":false,"lapNumber":149,"timeMs":9576},{"isOutlier":false,"lapNumber":150,"timeMs":6761},{"isOutlier":false,"lapNumber":151,"timeMs":6177},{"isOutlier":false,"lapNumber":152,"timeMs":6327},{"isOutlier":false,"lapNumber":153,"timeMs":6166},{"isOutlier":false,"lapNumber":154,"timeMs":6561},{"isOutlier":false,"lapNumber":155,"timeMs":10330},{"isOutlier":false,"lapNumber":156,"timeMs":10203},{"isOutlier":false,"lapNumber":157,"timeMs":8300},{"isOutlier":false,"lapNumber":158,"timeMs":6749},{"isOutlier":false,"lapNumber":159,"timeMs":7183},{"isOutlier":false,"lapNumber":160,"timeMs":7555},{"isOutlier":false,"lapNumber":161,"timeMs":6584},{"isOutlier":false,"lapNumber":162,"timeMs":6248},{"isOutlier":true,"lapNumber":163,"timeMs":64340},{"isOutlier":false,"lapNumber":164,"timeMs":6302},{"isOutlier":false,"lapNumber":165,"timeMs":7145},{"isOutlier":false,"lapNumber":166,"timeMs":6428},{"isOutlier":false,"lapNumber":167,"timeMs":6363},{"isOutlier":false,"lapNumber":168,"timeMs":6424},{"isOutlier":false,"lapNumber":169,"timeMs":10033},{"isOutlier":false,"lapNumber":170,"timeMs":9804},{"isOutlier":false,"lapNumber":171,"timeMs":6781},{"isOutlier":false,"lapNumber":172,"timeMs":7128},{"isOutlier":false,"lapNumber":173,"timeMs":9133},{"isOutlier":false,"lapNumber":174,"timeMs":6176},{"isOutlier":false,"lapNumber":175,"timeMs":8055},{"isOutlier":false,"lapNumber":176,"timeMs":6914},{"isOutlier":false,"lapNumber":177,"timeMs":6182},{"isOutlier":false,"lapNumber":178,"timeMs":7320},{"isOutlier":false,"lapNumber":179,"timeMs":6353},{"isOutlier":false,"lapNumber":180,"timeMs":6642},{"isOutlier":false,"lapNumber":181,"timeMs":7303},{"isOutlier":false,"lapNumber":182,"timeMs":7996},{"isOutlier":false,"lapNumber":183,"timeMs":6285},{"isOutlier":false,"lapNumber":184,"timeMs":8610},{"isOutlier":false,"lapNumber":185,"timeMs":7382},{"isOutlier":false,"lapNumber":186,"timeMs":6461},{"isOutlier":false,"lapNumber":187,"timeMs":7291},{"isOutlier":false,"lapNumber":188,"timeMs":7323},{"isOutlier":false,"lapNumber":189,"timeMs":6831},{"isOutlier":false,"lapNumber":190,"timeMs":6343},{"isOutlier":false,"lapNumber":191,"timeMs":6225},{"isOutlier":false,"lapNumber":192,"timeMs":6664},{"isOutlier":false,"lapNumber":193,"timeMs":7118}]'::jsonb, '[{"capabilityId":"setup-change","value":"Chassis weights LF/RR (New Battery)"}]'::jsonb, '2025-12-31T12:00:00.000Z'::timestamptz, '2025-12-31T12:00:00.000Z'::timestamptz) ON CONFLICT (id) DO NOTHING;
  INSERT INTO run_segments (id, session_id, setup_snapshot_id, segment_number, feedback, lap_times, setup_changes, started_at, ended_at)
  VALUES ('1a18f672-bf94-4237-83ca-602bc5af60a3', 'ed8a0e37-5407-43cd-b4c9-ad3f9b1cb2c6', '89bd253b-a9b3-404c-a8d1-c31c0a75416b', 3, '{"handling":["Not as smooth, steering keeps darting left or right."],"consistency":0,"notes":"Front Ride height: 2.0 (Adjusted by Droop screw) (New Battery) | 20/61 (32%) | fast: 6.034s avg: 6.430 (33)"}'::jsonb, '[{"isOutlier":true,"lapNumber":194,"timeMs":6037566},{"isOutlier":false,"lapNumber":195,"timeMs":8607},{"isOutlier":false,"lapNumber":196,"timeMs":11966},{"isOutlier":false,"lapNumber":197,"timeMs":9508},{"isOutlier":false,"lapNumber":198,"timeMs":6828},{"isOutlier":false,"lapNumber":199,"timeMs":9225},{"isOutlier":false,"lapNumber":200,"timeMs":7641},{"isOutlier":false,"lapNumber":201,"timeMs":32863},{"isOutlier":false,"lapNumber":202,"timeMs":9094},{"isOutlier":false,"lapNumber":203,"timeMs":6326},{"isOutlier":false,"lapNumber":204,"timeMs":7180},{"isOutlier":false,"lapNumber":205,"timeMs":9373},{"isOutlier":false,"lapNumber":206,"timeMs":8669},{"isOutlier":false,"lapNumber":207,"timeMs":6237},{"isOutlier":false,"lapNumber":208,"timeMs":6418},{"isOutlier":false,"lapNumber":209,"timeMs":6509},{"isOutlier":false,"lapNumber":210,"timeMs":6568},{"isOutlier":false,"lapNumber":211,"timeMs":6996},{"isOutlier":false,"lapNumber":212,"timeMs":11133},{"isOutlier":false,"lapNumber":213,"timeMs":7569},{"isOutlier":false,"lapNumber":214,"timeMs":6374},{"isOutlier":false,"lapNumber":215,"timeMs":6213},{"isOutlier":false,"lapNumber":216,"timeMs":8588},{"isOutlier":false,"lapNumber":217,"timeMs":6641},{"isOutlier":false,"lapNumber":218,"timeMs":6667},{"isOutlier":false,"lapNumber":219,"timeMs":9301},{"isOutlier":false,"lapNumber":220,"timeMs":6308},{"isOutlier":false,"lapNumber":221,"timeMs":8042},{"isOutlier":false,"lapNumber":222,"timeMs":9809},{"isOutlier":false,"lapNumber":223,"timeMs":6841},{"isOutlier":false,"lapNumber":224,"timeMs":6644},{"isOutlier":false,"lapNumber":225,"timeMs":7355},{"isOutlier":false,"lapNumber":226,"timeMs":8746},{"isOutlier":false,"lapNumber":227,"timeMs":6511},{"isOutlier":false,"lapNumber":228,"timeMs":9199},{"isOutlier":false,"lapNumber":229,"timeMs":14007},{"isOutlier":false,"lapNumber":230,"timeMs":8244},{"isOutlier":false,"lapNumber":231,"timeMs":6034},{"isOutlier":false,"lapNumber":232,"timeMs":8191},{"isOutlier":false,"lapNumber":233,"timeMs":9305},{"isOutlier":false,"lapNumber":234,"timeMs":11102},{"isOutlier":false,"lapNumber":235,"timeMs":6884},{"isOutlier":false,"lapNumber":236,"timeMs":6442},{"isOutlier":false,"lapNumber":237,"timeMs":6152},{"isOutlier":false,"lapNumber":238,"timeMs":8830},{"isOutlier":false,"lapNumber":239,"timeMs":6427},{"isOutlier":false,"lapNumber":240,"timeMs":6319},{"isOutlier":false,"lapNumber":241,"timeMs":6953},{"isOutlier":false,"lapNumber":242,"timeMs":6969},{"isOutlier":false,"lapNumber":243,"timeMs":6385},{"isOutlier":false,"lapNumber":244,"timeMs":8507},{"isOutlier":false,"lapNumber":245,"timeMs":6683},{"isOutlier":false,"lapNumber":246,"timeMs":6352},{"isOutlier":false,"lapNumber":247,"timeMs":6290},{"isOutlier":false,"lapNumber":248,"timeMs":7705},{"isOutlier":false,"lapNumber":249,"timeMs":6487},{"isOutlier":false,"lapNumber":250,"timeMs":6619},{"isOutlier":false,"lapNumber":251,"timeMs":6225},{"isOutlier":false,"lapNumber":252,"timeMs":6732},{"isOutlier":false,"lapNumber":253,"timeMs":6624},{"isOutlier":false,"lapNumber":254,"timeMs":6175}]'::jsonb, '[{"capabilityId":"setup-change","value":"Front Ride height: 2.0 (Adjusted by Droop screw) (New Battery)"}]'::jsonb, '2025-12-31T12:00:00.000Z'::timestamptz, '2025-12-31T12:00:00.000Z'::timestamptz) ON CONFLICT (id) DO NOTHING;
  INSERT INTO run_segments (id, session_id, setup_snapshot_id, segment_number, feedback, lap_times, setup_changes, started_at, ended_at)
  VALUES ('54feade8-d709-4654-acd2-7bfe18b86ab4', 'ed8a0e37-5407-43cd-b4c9-ad3f9b1cb2c6', '89bd253b-a9b3-404c-a8d1-c31c0a75416b', 4, '{"handling":["Smoothness returned, car feels quicker."],"consistency":0,"notes":"Front Ride height: 2.0 IAdjusted by Spring collar) (New Battery) | 22/52 (42%) | fast: 6.015s avg: 6.305 (36)"}'::jsonb, '[{"isOutlier":true,"lapNumber":255,"timeMs":1213593},{"isOutlier":false,"lapNumber":256,"timeMs":7518},{"isOutlier":false,"lapNumber":257,"timeMs":8318},{"isOutlier":false,"lapNumber":258,"timeMs":7900},{"isOutlier":false,"lapNumber":259,"timeMs":6926},{"isOutlier":false,"lapNumber":260,"timeMs":6871},{"isOutlier":false,"lapNumber":261,"timeMs":6534},{"isOutlier":false,"lapNumber":262,"timeMs":6015},{"isOutlier":false,"lapNumber":263,"timeMs":7831},{"isOutlier":false,"lapNumber":264,"timeMs":6684},{"isOutlier":false,"lapNumber":265,"timeMs":6543},{"isOutlier":false,"lapNumber":266,"timeMs":6232},{"isOutlier":false,"lapNumber":267,"timeMs":7766},{"isOutlier":false,"lapNumber":268,"timeMs":6597},{"isOutlier":false,"lapNumber":269,"timeMs":6193},{"isOutlier":false,"lapNumber":270,"timeMs":6371},{"isOutlier":false,"lapNumber":271,"timeMs":10130},{"isOutlier":false,"lapNumber":272,"timeMs":8646},{"isOutlier":false,"lapNumber":273,"timeMs":6618},{"isOutlier":false,"lapNumber":274,"timeMs":8485},{"isOutlier":false,"lapNumber":275,"timeMs":8911},{"isOutlier":false,"lapNumber":276,"timeMs":6467},{"isOutlier":false,"lapNumber":277,"timeMs":7405},{"isOutlier":false,"lapNumber":278,"timeMs":20938},{"isOutlier":false,"lapNumber":279,"timeMs":6036},{"isOutlier":false,"lapNumber":280,"timeMs":6222},{"isOutlier":false,"lapNumber":281,"timeMs":6630},{"isOutlier":false,"lapNumber":282,"timeMs":6137},{"isOutlier":false,"lapNumber":283,"timeMs":6078},{"isOutlier":false,"lapNumber":284,"timeMs":6280},{"isOutlier":false,"lapNumber":285,"timeMs":6039},{"isOutlier":false,"lapNumber":286,"timeMs":8840},{"isOutlier":false,"lapNumber":287,"timeMs":6395},{"isOutlier":false,"lapNumber":288,"timeMs":6284},{"isOutlier":false,"lapNumber":289,"timeMs":7751},{"isOutlier":false,"lapNumber":290,"timeMs":6980},{"isOutlier":false,"lapNumber":291,"timeMs":6154},{"isOutlier":false,"lapNumber":292,"timeMs":6962},{"isOutlier":false,"lapNumber":293,"timeMs":6125},{"isOutlier":false,"lapNumber":294,"timeMs":6161},{"isOutlier":false,"lapNumber":295,"timeMs":6248},{"isOutlier":false,"lapNumber":296,"timeMs":6721},{"isOutlier":false,"lapNumber":297,"timeMs":7339},{"isOutlier":false,"lapNumber":298,"timeMs":7338},{"isOutlier":false,"lapNumber":299,"timeMs":6282},{"isOutlier":false,"lapNumber":300,"timeMs":6832},{"isOutlier":false,"lapNumber":301,"timeMs":6264},{"isOutlier":false,"lapNumber":302,"timeMs":6921},{"isOutlier":false,"lapNumber":303,"timeMs":6144},{"isOutlier":false,"lapNumber":304,"timeMs":6620},{"isOutlier":false,"lapNumber":305,"timeMs":6207},{"isOutlier":false,"lapNumber":306,"timeMs":6242},{"isOutlier":false,"lapNumber":307,"timeMs":6398},{"isOutlier":false,"lapNumber":308,"timeMs":6153},{"isOutlier":false,"lapNumber":309,"timeMs":6128}]'::jsonb, '[{"capabilityId":"setup-change","value":"Front Ride height: 2.0 IAdjusted by Spring collar) (New Battery)"}]'::jsonb, '2025-12-31T12:00:00.000Z'::timestamptz, '2025-12-31T12:00:00.000Z'::timestamptz) ON CONFLICT (id) DO NOTHING;
  INSERT INTO run_segments (id, session_id, setup_snapshot_id, segment_number, feedback, lap_times, setup_changes, started_at, ended_at)
  VALUES ('6441edb8-efa3-47db-8a7f-b66cd2dc72fe', 'ed8a0e37-5407-43cd-b4c9-ad3f9b1cb2c6', '89bd253b-a9b3-404c-a8d1-c31c0a75416b', 5, '{"handling":["Rear of the car vibrates. The car sounds faster, but the lap times do not show it."],"consistency":0,"notes":"Rear Top Spring: Hard (Purple) | 21/48 (44%) | fast: 6.192s avg: 6.63 (21)"}'::jsonb, '[{"isOutlier":true,"lapNumber":310,"timeMs":1504684},{"isOutlier":false,"lapNumber":311,"timeMs":7276},{"isOutlier":false,"lapNumber":312,"timeMs":7285},{"isOutlier":false,"lapNumber":313,"timeMs":6412},{"isOutlier":false,"lapNumber":314,"timeMs":12812},{"isOutlier":false,"lapNumber":315,"timeMs":9203},{"isOutlier":false,"lapNumber":316,"timeMs":8516},{"isOutlier":false,"lapNumber":317,"timeMs":6414},{"isOutlier":false,"lapNumber":318,"timeMs":6879},{"isOutlier":false,"lapNumber":319,"timeMs":7021},{"isOutlier":false,"lapNumber":320,"timeMs":8122},{"isOutlier":false,"lapNumber":321,"timeMs":9920},{"isOutlier":false,"lapNumber":322,"timeMs":6280},{"isOutlier":false,"lapNumber":323,"timeMs":35251},{"isOutlier":false,"lapNumber":324,"timeMs":6427},{"isOutlier":false,"lapNumber":325,"timeMs":34605},{"isOutlier":false,"lapNumber":326,"timeMs":9832},{"isOutlier":false,"lapNumber":327,"timeMs":6441},{"isOutlier":false,"lapNumber":328,"timeMs":6198},{"isOutlier":false,"lapNumber":329,"timeMs":6551},{"isOutlier":false,"lapNumber":330,"timeMs":7309},{"isOutlier":false,"lapNumber":331,"timeMs":7161},{"isOutlier":false,"lapNumber":332,"timeMs":7366},{"isOutlier":false,"lapNumber":333,"timeMs":6966},{"isOutlier":false,"lapNumber":334,"timeMs":7231},{"isOutlier":false,"lapNumber":335,"timeMs":6711},{"isOutlier":false,"lapNumber":336,"timeMs":7926},{"isOutlier":false,"lapNumber":337,"timeMs":6315},{"isOutlier":false,"lapNumber":338,"timeMs":6775},{"isOutlier":false,"lapNumber":339,"timeMs":9102},{"isOutlier":false,"lapNumber":340,"timeMs":8403},{"isOutlier":false,"lapNumber":341,"timeMs":6306},{"isOutlier":false,"lapNumber":342,"timeMs":6247},{"isOutlier":false,"lapNumber":343,"timeMs":6320},{"isOutlier":false,"lapNumber":344,"timeMs":8521},{"isOutlier":false,"lapNumber":345,"timeMs":6587},{"isOutlier":false,"lapNumber":346,"timeMs":10029},{"isOutlier":false,"lapNumber":347,"timeMs":6192},{"isOutlier":false,"lapNumber":348,"timeMs":6690},{"isOutlier":false,"lapNumber":349,"timeMs":6350},{"isOutlier":false,"lapNumber":350,"timeMs":6683},{"isOutlier":false,"lapNumber":351,"timeMs":8640},{"isOutlier":false,"lapNumber":352,"timeMs":6622},{"isOutlier":false,"lapNumber":353,"timeMs":9357},{"isOutlier":false,"lapNumber":354,"timeMs":6417},{"isOutlier":false,"lapNumber":355,"timeMs":6453},{"isOutlier":false,"lapNumber":356,"timeMs":6528},{"isOutlier":false,"lapNumber":357,"timeMs":7047}]'::jsonb, '[{"capabilityId":"setup-change","value":"Rear Top Spring: Hard (Purple)"}]'::jsonb, '2025-12-31T12:00:00.000Z'::timestamptz, '2025-12-31T12:00:00.000Z'::timestamptz) ON CONFLICT (id) DO NOTHING;
  INSERT INTO run_segments (id, session_id, setup_snapshot_id, segment_number, feedback, lap_times, setup_changes, started_at, ended_at)
  VALUES ('f640cdeb-a55b-4bd5-bc0f-aad124378f3a', 'ed8a0e37-5407-43cd-b4c9-ad3f9b1cb2c6', '89bd253b-a9b3-404c-a8d1-c31c0a75416b', 6, '{"handling":["Rear of the car vibrates. The car sounds faster, but the lap times do not show it. Forces me to drive hard instead of smooth."],"consistency":0,"notes":"Center damper grease: Atomic 15000 | 27/53 (51%) | fast: 6.005s avg: 6.43 (27)"}'::jsonb, '[{"isOutlier":true,"lapNumber":358,"timeMs":601211},{"isOutlier":false,"lapNumber":359,"timeMs":7270},{"isOutlier":false,"lapNumber":360,"timeMs":6890},{"isOutlier":false,"lapNumber":361,"timeMs":6772},{"isOutlier":false,"lapNumber":362,"timeMs":6737},{"isOutlier":false,"lapNumber":363,"timeMs":7628},{"isOutlier":false,"lapNumber":364,"timeMs":6482},{"isOutlier":false,"lapNumber":365,"timeMs":6476},{"isOutlier":false,"lapNumber":366,"timeMs":6684},{"isOutlier":false,"lapNumber":367,"timeMs":6258},{"isOutlier":false,"lapNumber":368,"timeMs":6200},{"isOutlier":false,"lapNumber":369,"timeMs":9542},{"isOutlier":false,"lapNumber":370,"timeMs":12307},{"isOutlier":false,"lapNumber":371,"timeMs":6084},{"isOutlier":false,"lapNumber":372,"timeMs":7773},{"isOutlier":false,"lapNumber":373,"timeMs":7448},{"isOutlier":false,"lapNumber":374,"timeMs":6642},{"isOutlier":false,"lapNumber":375,"timeMs":6504},{"isOutlier":false,"lapNumber":376,"timeMs":6675},{"isOutlier":false,"lapNumber":377,"timeMs":6456},{"isOutlier":false,"lapNumber":378,"timeMs":6479},{"isOutlier":false,"lapNumber":379,"timeMs":11492},{"isOutlier":false,"lapNumber":380,"timeMs":6427},{"isOutlier":false,"lapNumber":381,"timeMs":6463},{"isOutlier":false,"lapNumber":382,"timeMs":7812},{"isOutlier":false,"lapNumber":383,"timeMs":8074},{"isOutlier":false,"lapNumber":384,"timeMs":8322},{"isOutlier":false,"lapNumber":385,"timeMs":6781},{"isOutlier":false,"lapNumber":386,"timeMs":6521},{"isOutlier":false,"lapNumber":387,"timeMs":6402},{"isOutlier":false,"lapNumber":388,"timeMs":9755},{"isOutlier":false,"lapNumber":389,"timeMs":9530},{"isOutlier":false,"lapNumber":390,"timeMs":8774},{"isOutlier":false,"lapNumber":391,"timeMs":6577},{"isOutlier":false,"lapNumber":392,"timeMs":11987},{"isOutlier":false,"lapNumber":393,"timeMs":6610},{"isOutlier":false,"lapNumber":394,"timeMs":6504},{"isOutlier":false,"lapNumber":395,"timeMs":6450},{"isOutlier":false,"lapNumber":396,"timeMs":6435},{"isOutlier":false,"lapNumber":397,"timeMs":6414},{"isOutlier":false,"lapNumber":398,"timeMs":8288},{"isOutlier":false,"lapNumber":399,"timeMs":6396},{"isOutlier":false,"lapNumber":400,"timeMs":8708},{"isOutlier":false,"lapNumber":401,"timeMs":6466},{"isOutlier":false,"lapNumber":402,"timeMs":6364},{"isOutlier":false,"lapNumber":403,"timeMs":6573},{"isOutlier":false,"lapNumber":404,"timeMs":6781},{"isOutlier":false,"lapNumber":405,"timeMs":8344},{"isOutlier":false,"lapNumber":406,"timeMs":7107},{"isOutlier":false,"lapNumber":407,"timeMs":7177},{"isOutlier":false,"lapNumber":408,"timeMs":6382},{"isOutlier":false,"lapNumber":409,"timeMs":7079},{"isOutlier":false,"lapNumber":410,"timeMs":7096}]'::jsonb, '[{"capabilityId":"setup-change","value":"Center damper grease: Atomic 15000"}]'::jsonb, '2025-12-31T12:00:00.000Z'::timestamptz, '2025-12-31T12:00:00.000Z'::timestamptz) ON CONFLICT (id) DO NOTHING;
  INSERT INTO run_segments (id, session_id, setup_snapshot_id, segment_number, feedback, lap_times, setup_changes, started_at, ended_at)
  VALUES ('22250554-995f-494f-b200-ddcdd860ec68', 'ed8a0e37-5407-43cd-b4c9-ad3f9b1cb2c6', '89bd253b-a9b3-404c-a8d1-c31c0a75416b', 7, '{"handling":["Smooth in turns, car is not aggressive Had to stop due to dead battery."],"consistency":0,"notes":"Front Springs: Soft (white) Front Damper Grease: 25000 Front Ride Height: 2.0 | 10/21 (48%) | fast: 6.194s avg: 6.4 (10)"}'::jsonb, '[{"isOutlier":true,"lapNumber":411,"timeMs":1539796},{"isOutlier":false,"lapNumber":412,"timeMs":7030},{"isOutlier":false,"lapNumber":413,"timeMs":7964},{"isOutlier":false,"lapNumber":414,"timeMs":7660},{"isOutlier":false,"lapNumber":415,"timeMs":7547},{"isOutlier":false,"lapNumber":416,"timeMs":7641},{"isOutlier":false,"lapNumber":417,"timeMs":6514},{"isOutlier":false,"lapNumber":418,"timeMs":6593},{"isOutlier":false,"lapNumber":419,"timeMs":6333},{"isOutlier":false,"lapNumber":420,"timeMs":7048},{"isOutlier":false,"lapNumber":421,"timeMs":6390},{"isOutlier":false,"lapNumber":422,"timeMs":6317},{"isOutlier":false,"lapNumber":423,"timeMs":6317},{"isOutlier":false,"lapNumber":424,"timeMs":6662},{"isOutlier":false,"lapNumber":425,"timeMs":7002},{"isOutlier":false,"lapNumber":426,"timeMs":8071},{"isOutlier":false,"lapNumber":427,"timeMs":6692},{"isOutlier":false,"lapNumber":428,"timeMs":6194},{"isOutlier":false,"lapNumber":429,"timeMs":6400},{"isOutlier":false,"lapNumber":430,"timeMs":6264},{"isOutlier":false,"lapNumber":431,"timeMs":6822}]'::jsonb, '[{"capabilityId":"setup-change","value":"Front Springs: Soft (white) Front Damper Grease: 25000 Front Ride Height: 2.0"}]'::jsonb, '2025-12-31T12:00:00.000Z'::timestamptz, '2025-12-31T12:00:00.000Z'::timestamptz) ON CONFLICT (id) DO NOTHING;
  INSERT INTO run_segments (id, session_id, setup_snapshot_id, segment_number, feedback, lap_times, setup_changes, started_at, ended_at)
  VALUES ('4d1891d5-c136-4b64-964e-3516e4273e19', 'ed8a0e37-5407-43cd-b4c9-ad3f9b1cb2c6', '89bd253b-a9b3-404c-a8d1-c31c0a75416b', 8, '{"handling":["Steering servo getting stuck Left. Nothing stands out to cause this issue. Noticed RF tire showing plastic (21.0). LF measures 21.6"],"consistency":0,"notes":"New battery | 15/48 (31%) | fast: 6.216s avg: 6.49 (15)"}'::jsonb, '[{"isOutlier":true,"lapNumber":432,"timeMs":390662},{"isOutlier":false,"lapNumber":433,"timeMs":8410},{"isOutlier":false,"lapNumber":434,"timeMs":7145},{"isOutlier":false,"lapNumber":435,"timeMs":6464},{"isOutlier":false,"lapNumber":436,"timeMs":6858},{"isOutlier":false,"lapNumber":437,"timeMs":7650},{"isOutlier":false,"lapNumber":438,"timeMs":7020},{"isOutlier":false,"lapNumber":439,"timeMs":6438},{"isOutlier":false,"lapNumber":440,"timeMs":7713},{"isOutlier":false,"lapNumber":441,"timeMs":9345},{"isOutlier":false,"lapNumber":442,"timeMs":6447},{"isOutlier":false,"lapNumber":443,"timeMs":7730},{"isOutlier":false,"lapNumber":444,"timeMs":8566},{"isOutlier":false,"lapNumber":445,"timeMs":11011},{"isOutlier":false,"lapNumber":446,"timeMs":9635},{"isOutlier":false,"lapNumber":447,"timeMs":6216},{"isOutlier":false,"lapNumber":448,"timeMs":11544},{"isOutlier":false,"lapNumber":449,"timeMs":10388},{"isOutlier":false,"lapNumber":450,"timeMs":7312},{"isOutlier":false,"lapNumber":451,"timeMs":8990},{"isOutlier":false,"lapNumber":452,"timeMs":6567},{"isOutlier":false,"lapNumber":453,"timeMs":7308},{"isOutlier":false,"lapNumber":454,"timeMs":9901},{"isOutlier":false,"lapNumber":455,"timeMs":9227},{"isOutlier":false,"lapNumber":456,"timeMs":6468},{"isOutlier":false,"lapNumber":457,"timeMs":6585},{"isOutlier":false,"lapNumber":458,"timeMs":10731},{"isOutlier":false,"lapNumber":459,"timeMs":6536},{"isOutlier":false,"lapNumber":460,"timeMs":15748},{"isOutlier":false,"lapNumber":461,"timeMs":7396},{"isOutlier":false,"lapNumber":462,"timeMs":6422},{"isOutlier":false,"lapNumber":463,"timeMs":6583},{"isOutlier":false,"lapNumber":464,"timeMs":8804},{"isOutlier":false,"lapNumber":465,"timeMs":7859},{"isOutlier":false,"lapNumber":466,"timeMs":6527},{"isOutlier":false,"lapNumber":467,"timeMs":8021},{"isOutlier":false,"lapNumber":468,"timeMs":6405},{"isOutlier":false,"lapNumber":469,"timeMs":6506},{"isOutlier":false,"lapNumber":470,"timeMs":7264},{"isOutlier":false,"lapNumber":471,"timeMs":13036},{"isOutlier":false,"lapNumber":472,"timeMs":7934},{"isOutlier":false,"lapNumber":473,"timeMs":8183},{"isOutlier":false,"lapNumber":474,"timeMs":6437},{"isOutlier":false,"lapNumber":475,"timeMs":8733},{"isOutlier":false,"lapNumber":476,"timeMs":6583},{"isOutlier":false,"lapNumber":477,"timeMs":6268},{"isOutlier":false,"lapNumber":478,"timeMs":6498},{"isOutlier":false,"lapNumber":479,"timeMs":6653}]'::jsonb, '[{"capabilityId":"setup-change","value":"New battery"}]'::jsonb, '2025-12-31T12:00:00.000Z'::timestamptz, '2025-12-31T12:00:00.000Z'::timestamptz) ON CONFLICT (id) DO NOTHING;
  INSERT INTO run_segments (id, session_id, setup_snapshot_id, segment_number, feedback, lap_times, setup_changes, started_at, ended_at)
  VALUES ('ad66f018-3653-4e06-9ede-72fa9464cb6e', 'ed8a0e37-5407-43cd-b4c9-ad3f9b1cb2c6', '89bd253b-a9b3-404c-a8d1-c31c0a75416b', 9, '{"handling":["Steering servo getting stuck Left. Nothing stands out to cause this issue."],"consistency":0,"notes":"Changed RF tire (21.5) | 8/25 (32%) | fast: 6.255s avg: 6.56 (8)"}'::jsonb, '[{"isOutlier":true,"lapNumber":480,"timeMs":663114},{"isOutlier":false,"lapNumber":481,"timeMs":33655},{"isOutlier":false,"lapNumber":482,"timeMs":10219},{"isOutlier":false,"lapNumber":483,"timeMs":8538},{"isOutlier":false,"lapNumber":484,"timeMs":11465},{"isOutlier":false,"lapNumber":485,"timeMs":8838},{"isOutlier":false,"lapNumber":486,"timeMs":7568},{"isOutlier":false,"lapNumber":487,"timeMs":7314},{"isOutlier":false,"lapNumber":488,"timeMs":6567},{"isOutlier":false,"lapNumber":489,"timeMs":6255},{"isOutlier":false,"lapNumber":490,"timeMs":6669},{"isOutlier":false,"lapNumber":491,"timeMs":7697},{"isOutlier":false,"lapNumber":492,"timeMs":9921},{"isOutlier":false,"lapNumber":493,"timeMs":6778},{"isOutlier":false,"lapNumber":494,"timeMs":7180},{"isOutlier":false,"lapNumber":495,"timeMs":7886},{"isOutlier":false,"lapNumber":496,"timeMs":6267},{"isOutlier":false,"lapNumber":497,"timeMs":7109},{"isOutlier":false,"lapNumber":498,"timeMs":8950},{"isOutlier":false,"lapNumber":499,"timeMs":6321},{"isOutlier":false,"lapNumber":500,"timeMs":6844},{"isOutlier":false,"lapNumber":501,"timeMs":6868},{"isOutlier":false,"lapNumber":502,"timeMs":15271},{"isOutlier":false,"lapNumber":503,"timeMs":6548},{"isOutlier":false,"lapNumber":504,"timeMs":11989}]'::jsonb, '[{"capabilityId":"setup-change","value":"Changed RF tire (21.5)"}]'::jsonb, '2025-12-31T12:00:00.000Z'::timestamptz, '2025-12-31T12:00:00.000Z'::timestamptz) ON CONFLICT (id) DO NOTHING;
  INSERT INTO run_segments (id, session_id, setup_snapshot_id, segment_number, feedback, lap_times, setup_changes, started_at, ended_at)
  VALUES ('85c80f83-9eaa-4955-8072-d025d625e2da', 'ed8a0e37-5407-43cd-b4c9-ad3f9b1cb2c6', '89bd253b-a9b3-404c-a8d1-c31c0a75416b', 10, '{"handling":["Rear very loose. Temp is 64 and very cold."],"consistency":0,"notes":"Replaced servo Camber: 2 Toe Angle: 2 degrees out Front Ride Height: 2.0 New Battery | 11/63 (17%) | fast: 6.15s avg: 6.60 (11)"}'::jsonb, '[{"isOutlier":true,"lapNumber":505,"timeMs":11618707},{"isOutlier":false,"lapNumber":506,"timeMs":19777},{"isOutlier":false,"lapNumber":507,"timeMs":18081},{"isOutlier":true,"lapNumber":508,"timeMs":11130585},{"isOutlier":false,"lapNumber":509,"timeMs":31654},{"isOutlier":false,"lapNumber":510,"timeMs":10646},{"isOutlier":false,"lapNumber":511,"timeMs":10950},{"isOutlier":false,"lapNumber":512,"timeMs":12153},{"isOutlier":false,"lapNumber":513,"timeMs":7687},{"isOutlier":false,"lapNumber":514,"timeMs":7743},{"isOutlier":false,"lapNumber":515,"timeMs":7877},{"isOutlier":false,"lapNumber":516,"timeMs":8563},{"isOutlier":false,"lapNumber":517,"timeMs":7810},{"isOutlier":false,"lapNumber":518,"timeMs":9782},{"isOutlier":false,"lapNumber":519,"timeMs":12178},{"isOutlier":false,"lapNumber":520,"timeMs":7684},{"isOutlier":false,"lapNumber":521,"timeMs":9111},{"isOutlier":false,"lapNumber":522,"timeMs":8615},{"isOutlier":false,"lapNumber":523,"timeMs":10142},{"isOutlier":false,"lapNumber":524,"timeMs":6616},{"isOutlier":false,"lapNumber":525,"timeMs":9371},{"isOutlier":false,"lapNumber":526,"timeMs":6501},{"isOutlier":false,"lapNumber":527,"timeMs":7062},{"isOutlier":false,"lapNumber":528,"timeMs":12126},{"isOutlier":false,"lapNumber":529,"timeMs":6085},{"isOutlier":false,"lapNumber":530,"timeMs":6525},{"isOutlier":false,"lapNumber":531,"timeMs":11164},{"isOutlier":false,"lapNumber":532,"timeMs":7884},{"isOutlier":false,"lapNumber":533,"timeMs":9956},{"isOutlier":false,"lapNumber":534,"timeMs":8645},{"isOutlier":false,"lapNumber":535,"timeMs":6590},{"isOutlier":false,"lapNumber":536,"timeMs":6498},{"isOutlier":false,"lapNumber":537,"timeMs":20666},{"isOutlier":false,"lapNumber":538,"timeMs":10466},{"isOutlier":false,"lapNumber":539,"timeMs":6313},{"isOutlier":false,"lapNumber":540,"timeMs":7524},{"isOutlier":false,"lapNumber":541,"timeMs":8371},{"isOutlier":false,"lapNumber":542,"timeMs":10201},{"isOutlier":false,"lapNumber":543,"timeMs":7481},{"isOutlier":false,"lapNumber":544,"timeMs":6354},{"isOutlier":false,"lapNumber":545,"timeMs":6508},{"isOutlier":false,"lapNumber":546,"timeMs":10730},{"isOutlier":false,"lapNumber":547,"timeMs":7291},{"isOutlier":false,"lapNumber":548,"timeMs":7112},{"isOutlier":false,"lapNumber":549,"timeMs":9275},{"isOutlier":false,"lapNumber":550,"timeMs":8546},{"isOutlier":false,"lapNumber":551,"timeMs":8666},{"isOutlier":false,"lapNumber":552,"timeMs":6150},{"isOutlier":false,"lapNumber":553,"timeMs":8787},{"isOutlier":false,"lapNumber":554,"timeMs":6458},{"isOutlier":false,"lapNumber":555,"timeMs":9608},{"isOutlier":false,"lapNumber":556,"timeMs":8082},{"isOutlier":false,"lapNumber":557,"timeMs":6948},{"isOutlier":false,"lapNumber":558,"timeMs":9079},{"isOutlier":false,"lapNumber":559,"timeMs":6832},{"isOutlier":false,"lapNumber":560,"timeMs":12391},{"isOutlier":false,"lapNumber":561,"timeMs":7852},{"isOutlier":false,"lapNumber":562,"timeMs":8611},{"isOutlier":false,"lapNumber":563,"timeMs":7488},{"isOutlier":false,"lapNumber":564,"timeMs":7169},{"isOutlier":false,"lapNumber":565,"timeMs":6824},{"isOutlier":false,"lapNumber":566,"timeMs":7140},{"isOutlier":false,"lapNumber":567,"timeMs":6527}]'::jsonb, '[{"capabilityId":"setup-change","value":"Replaced servo Camber: 2 Toe Angle: 2 degrees out Front Ride Height: 2.0 New Battery"}]'::jsonb, '2025-12-31T12:00:00.000Z'::timestamptz, '2025-12-31T12:00:00.000Z'::timestamptz) ON CONFLICT (id) DO NOTHING;
  INSERT INTO run_segments (id, session_id, setup_snapshot_id, segment_number, feedback, lap_times, setup_changes, started_at, ended_at)
  VALUES ('db160625-6b51-44d3-8961-c8341a762cec', 'ed8a0e37-5407-43cd-b4c9-ad3f9b1cb2c6', '89bd253b-a9b3-404c-a8d1-c31c0a75416b', 11, '{"handling":["Car feels great. Believe a new set of rear tires would set new records."],"consistency":0,"notes":"Replace rear tires with MR04 Evo | 32/50 (64%) | fast: 5.948s avg: 6.234 (32)"}'::jsonb, '[{"isOutlier":true,"lapNumber":568,"timeMs":626589},{"isOutlier":false,"lapNumber":569,"timeMs":9136},{"isOutlier":false,"lapNumber":570,"timeMs":6791},{"isOutlier":false,"lapNumber":571,"timeMs":6183},{"isOutlier":false,"lapNumber":572,"timeMs":6137},{"isOutlier":false,"lapNumber":573,"timeMs":10304},{"isOutlier":false,"lapNumber":574,"timeMs":8942},{"isOutlier":false,"lapNumber":575,"timeMs":6147},{"isOutlier":false,"lapNumber":576,"timeMs":6160},{"isOutlier":false,"lapNumber":577,"timeMs":6060},{"isOutlier":false,"lapNumber":578,"timeMs":6847},{"isOutlier":false,"lapNumber":579,"timeMs":6453},{"isOutlier":false,"lapNumber":580,"timeMs":6250},{"isOutlier":false,"lapNumber":581,"timeMs":6669},{"isOutlier":false,"lapNumber":582,"timeMs":6187},{"isOutlier":false,"lapNumber":583,"timeMs":6738},{"isOutlier":false,"lapNumber":584,"timeMs":6089},{"isOutlier":false,"lapNumber":585,"timeMs":6068},{"isOutlier":false,"lapNumber":586,"timeMs":5948},{"isOutlier":false,"lapNumber":587,"timeMs":13909},{"isOutlier":false,"lapNumber":588,"timeMs":6029},{"isOutlier":false,"lapNumber":589,"timeMs":12220},{"isOutlier":false,"lapNumber":590,"timeMs":8964},{"isOutlier":false,"lapNumber":591,"timeMs":7723},{"isOutlier":false,"lapNumber":592,"timeMs":6629},{"isOutlier":false,"lapNumber":593,"timeMs":8271},{"isOutlier":false,"lapNumber":594,"timeMs":6139},{"isOutlier":false,"lapNumber":595,"timeMs":6063},{"isOutlier":false,"lapNumber":596,"timeMs":6015},{"isOutlier":false,"lapNumber":597,"timeMs":6043},{"isOutlier":false,"lapNumber":598,"timeMs":11384},{"isOutlier":false,"lapNumber":599,"timeMs":6191},{"isOutlier":false,"lapNumber":600,"timeMs":6059},{"isOutlier":false,"lapNumber":601,"timeMs":6670},{"isOutlier":false,"lapNumber":602,"timeMs":6324},{"isOutlier":false,"lapNumber":603,"timeMs":6147},{"isOutlier":false,"lapNumber":604,"timeMs":6213},{"isOutlier":false,"lapNumber":605,"timeMs":6289},{"isOutlier":false,"lapNumber":606,"timeMs":6258},{"isOutlier":false,"lapNumber":607,"timeMs":6443},{"isOutlier":false,"lapNumber":608,"timeMs":6157},{"isOutlier":false,"lapNumber":609,"timeMs":6143},{"isOutlier":false,"lapNumber":610,"timeMs":6260},{"isOutlier":false,"lapNumber":611,"timeMs":6269},{"isOutlier":false,"lapNumber":612,"timeMs":6027},{"isOutlier":false,"lapNumber":613,"timeMs":6662},{"isOutlier":false,"lapNumber":614,"timeMs":7224},{"isOutlier":false,"lapNumber":615,"timeMs":6129},{"isOutlier":false,"lapNumber":616,"timeMs":6148},{"isOutlier":false,"lapNumber":617,"timeMs":6191}]'::jsonb, '[{"capabilityId":"setup-change","value":"Replace rear tires with MR04 Evo"}]'::jsonb, '2025-12-31T12:00:00.000Z'::timestamptz, '2025-12-31T12:00:00.000Z'::timestamptz) ON CONFLICT (id) DO NOTHING;

  INSERT INTO setup_snapshots (id, user_id, car_id, name, entries, wheel_tire_setups, notes, created_at, updated_at)
  VALUES ('6000b20c-c005-464d-a02a-d7a392711595', uid, 'car-mrx-me', 'MRX ME — 2026-01-03', '[{"value":2,"capabilityId":"front-ride-height"},{"value":"Atomic 25000","capabilityId":"front-damper-grease"},{"value":"Soft (white)","capabilityId":"daa-spring"},{"value":"2 degrees out","capabilityId":"front-toe"},{"value":"Bottom Kingpin Shim: 2","capabilityId":"caster"},{"value":"2","capabilityId":"camber"},{"value":"1","capabilityId":"damper-shim"},{"value":"v2","capabilityId":"axles"},{"value":3.2,"capabilityId":"rear-ride-height"},{"value":"Horizontal","capabilityId":"rear-spring-style"},{"value":"Atomic 15000","capabilityId":"center-damper-grease"},{"value":"Atomic 25000","capabilityId":"side-spring-damper-grease"},{"value":"Medium (Red)","capabilityId":"vertical-side-spring"},{"value":"Hard (Purple) + 0 Turn","capabilityId":"rear-top-spring"},{"value":"12T","capabilityId":"pinion-gear"},{"value":"Atomic 53T","capabilityId":"spur-gear"},{"value":"Atomic Gear Diff","capabilityId":"diff-type"},{"value":"PN 2500kv Anima v4","capabilityId":"motor"}]'::jsonb, '[]'::jsonb, 'Baseline setup for test session 2026-01-03', '2026-01-03T12:00:00.000Z'::timestamptz, '2026-01-03T12:00:00.000Z'::timestamptz) ON CONFLICT (id) DO NOTHING;
  INSERT INTO run_sessions (id, user_id, car_id, track_id, notes, started_at, ended_at)
  VALUES ('47bc3807-9a90-4bd9-bb87-3a49cf27c930', uid, 'car-mrx-me', 'track-the-cave', 'Test 2026-01-03 - 1 segments, 8 laps', '2026-01-03T12:00:00.000Z'::timestamptz, '2026-01-03T12:00:00.000Z'::timestamptz) ON CONFLICT (id) DO NOTHING;
  INSERT INTO run_segments (id, session_id, setup_snapshot_id, segment_number, feedback, lap_times, setup_changes, started_at, ended_at)
  VALUES ('e49f4285-d863-44fa-b828-ce35568f0c7c', '47bc3807-9a90-4bd9-bb87-3a49cf27c930', '6000b20c-c005-464d-a02a-d7a392711595', 1, '{"handling":["Car drives very smooth and fun to drive. Want to find more speed."],"consistency":0,"notes":"Run Baseline Setup w/New Battery Weights LR/RF | 46/103 (44%) | fast: 6.136s avg: 6.536 (63)"}'::jsonb, '[{"isOutlier":false,"lapNumber":1,"timeMs":12132},{"isOutlier":false,"lapNumber":2,"timeMs":6525},{"isOutlier":false,"lapNumber":3,"timeMs":6967},{"isOutlier":false,"lapNumber":4,"timeMs":6341},{"isOutlier":false,"lapNumber":5,"timeMs":6670},{"isOutlier":false,"lapNumber":6,"timeMs":10368},{"isOutlier":false,"lapNumber":7,"timeMs":8090},{"isOutlier":false,"lapNumber":8,"timeMs":6570}]'::jsonb, '[{"capabilityId":"setup-change","value":"Run Baseline Setup w/New Battery Weights LR/RF"}]'::jsonb, '2026-01-03T12:00:00.000Z'::timestamptz, '2026-01-03T12:00:00.000Z'::timestamptz) ON CONFLICT (id) DO NOTHING;

  RAISE NOTICE 'Demo data copied to sharkbyte128 (user_id: %)', uid;
END $$;

